word,sentiment,lexicon
abandon,-1,nrc
abandoned,-1,nrc
abandonment,-1,nrc
abduction,-1,nrc
aberrant,-1,nrc
aberration,-1,nrc
abhor,-1,nrc
abhorrent,-1,nrc
abject,-1,nrc
abnormal,-1,nrc
abolish,-1,nrc
abolition,-1,nrc
abominable,-1,nrc
abomination,-1,nrc
abort,-1,nrc
abortion,-1,nrc
abortive,-1,nrc
abrasion,-1,nrc
abrogate,-1,nrc
abscess,-1,nrc
absence,-1,nrc
absent,-1,nrc
absentee,-1,nrc
absenteeism,-1,nrc
absurd,-1,nrc
absurdity,-1,nrc
abundance,-1,nrc
abuse,-1,nrc
abysmal,-1,nrc
abyss,-1,nrc
accident,-1,nrc
accidental,-1,nrc
accursed,-1,nrc
accusation,-1,nrc
accusative,-1,nrc
accused,-1,nrc
accuser,-1,nrc
accusing,-1,nrc
ache,-1,nrc
aching,-1,nrc
acid,-1,nrc
actionable,-1,nrc
adder,-1,nrc
addiction,-1,nrc
adipose,-1,nrc
adjudicate,-1,nrc
admonition,-1,nrc
adrift,-1,nrc
adulterated,-1,nrc
adultery,-1,nrc
adversary,-1,nrc
adverse,-1,nrc
adversity,-1,nrc
afflict,-1,nrc
afflicted,-1,nrc
affliction,-1,nrc
affront,-1,nrc
afraid,-1,nrc
aftermath,-1,nrc
aftertaste,-1,nrc
aggravated,-1,nrc
aggravating,-1,nrc
aggravation,-1,nrc
aggression,-1,nrc
aggressive,-1,nrc
aggressor,-1,nrc
aghast,-1,nrc
agitated,-1,nrc
agitation,-1,nrc
agonizing,-1,nrc
agony,-1,nrc
aground,-1,nrc
ail,-1,nrc
ailing,-1,nrc
aimless,-1,nrc
airs,-1,nrc
alarm,-1,nrc
alarming,-1,nrc
alcoholism,-1,nrc
alien,-1,nrc
alienate,-1,nrc
alienated,-1,nrc
alienation,-1,nrc
alimony,-1,nrc
allegation,-1,nrc
allege,-1,nrc
aloof,-1,nrc
altercation,-1,nrc
ambiguous,-1,nrc
ambush,-1,nrc
amnesia,-1,nrc
amphetamines,-1,nrc
anaconda,-1,nrc
anal,-1,nrc
anarchism,-1,nrc
anarchist,-1,nrc
anarchy,-1,nrc
anathema,-1,nrc
ancient,-1,nrc
anger,-1,nrc
angina,-1,nrc
angling,-1,nrc
angry,-1,nrc
anguish,-1,nrc
animosity,-1,nrc
animus,-1,nrc
annihilate,-1,nrc
annihilated,-1,nrc
annihilation,-1,nrc
annoy,-1,nrc
annoyance,-1,nrc
annoying,-1,nrc
annul,-1,nrc
annulment,-1,nrc
anomaly,-1,nrc
anonymous,-1,nrc
antagonism,-1,nrc
antagonist,-1,nrc
antagonistic,-1,nrc
anthrax,-1,nrc
antichrist,-1,nrc
antipathy,-1,nrc
antiquated,-1,nrc
antisocial,-1,nrc
antithesis,-1,nrc
anxiety,-1,nrc
anxious,-1,nrc
apache,-1,nrc
apathetic,-1,nrc
apathy,-1,nrc
aphid,-1,nrc
appalling,-1,nrc
appendicitis,-1,nrc
apprehension,-1,nrc
apprehensive,-1,nrc
appropriation,-1,nrc
archaic,-1,nrc
arduous,-1,nrc
argue,-1,nrc
argument,-1,nrc
argumentative,-1,nrc
arid,-1,nrc
armaments,-1,nrc
armed,-1,nrc
arraignment,-1,nrc
arrears,-1,nrc
arrest,-1,nrc
arrogance,-1,nrc
arrogant,-1,nrc
arsenic,-1,nrc
arson,-1,nrc
artillery,-1,nrc
ash,-1,nrc
ashamed,-1,nrc
ashes,-1,nrc
ass,-1,nrc
assail,-1,nrc
assailant,-1,nrc
assassin,-1,nrc
assassinate,-1,nrc
assassination,-1,nrc
assault,-1,nrc
asshole,-1,nrc
astray,-1,nrc
astringent,-1,nrc
asylum,-1,nrc
atheism,-1,nrc
atherosclerosis,-1,nrc
atrocious,-1,nrc
atrocity,-1,nrc
atrophy,-1,nrc
attack,-1,nrc
attacking,-1,nrc
attenuated,-1,nrc
attenuation,-1,nrc
audacity,-1,nrc
austere,-1,nrc
austerity,-1,nrc
autocratic,-1,nrc
autopsy,-1,nrc
avalanche,-1,nrc
avarice,-1,nrc
avenger,-1,nrc
averse,-1,nrc
aversion,-1,nrc
avoid,-1,nrc
avoidance,-1,nrc
awful,-1,nrc
awkwardness,-1,nrc
awry,-1,nrc
babble,-1,nrc
babbling,-1,nrc
baboon,-1,nrc
backward,-1,nrc
backwards,-1,nrc
backwater,-1,nrc
bacteria,-1,nrc
bacterium,-1,nrc
bad,-1,nrc
badger,-1,nrc
badly,-1,nrc
badness,-1,nrc
bailiff,-1,nrc
bait,-1,nrc
bale,-1,nrc
balk,-1,nrc
balm,-1,nrc
ban,-1,nrc
bandit,-1,nrc
bane,-1,nrc
bang,-1,nrc
banger,-1,nrc
banish,-1,nrc
banished,-1,nrc
banishment,-1,nrc
bankrupt,-1,nrc
bankruptcy,-1,nrc
banshee,-1,nrc
barb,-1,nrc
barbarian,-1,nrc
barbaric,-1,nrc
barbarism,-1,nrc
bark,-1,nrc
barred,-1,nrc
barren,-1,nrc
barricade,-1,nrc
barrier,-1,nrc
baseless,-1,nrc
bastard,-1,nrc
batter,-1,nrc
battered,-1,nrc
battery,-1,nrc
battle,-1,nrc
battled,-1,nrc
battlefield,-1,nrc
bawdy,-1,nrc
bayonet,-1,nrc
bearer,-1,nrc
beast,-1,nrc
beastly,-1,nrc
beating,-1,nrc
befall,-1,nrc
beg,-1,nrc
beggar,-1,nrc
begging,-1,nrc
behemoth,-1,nrc
beholden,-1,nrc
belated,-1,nrc
belittle,-1,nrc
belligerent,-1,nrc
belt,-1,nrc
bender,-1,nrc
bereaved,-1,nrc
bereavement,-1,nrc
bereft,-1,nrc
berserk,-1,nrc
bestial,-1,nrc
betray,-1,nrc
betrayal,-1,nrc
beware,-1,nrc
bewildered,-1,nrc
bias,-1,nrc
biased,-1,nrc
bickering,-1,nrc
bier,-1,nrc
bigot,-1,nrc
bigoted,-1,nrc
bile,-1,nrc
biopsy,-1,nrc
birch,-1,nrc
birthplace,-1,nrc
bitch,-1,nrc
bite,-1,nrc
bitterly,-1,nrc
bitterness,-1,nrc
bizarre,-1,nrc
black,-1,nrc
blackjack,-1,nrc
blackmail,-1,nrc
blackness,-1,nrc
blame,-1,nrc
bland,-1,nrc
blasphemous,-1,nrc
blasphemy,-1,nrc
blast,-1,nrc
blatant,-1,nrc
blather,-1,nrc
blaze,-1,nrc
bleak,-1,nrc
bleeding,-1,nrc
blemish,-1,nrc
blight,-1,nrc
blighted,-1,nrc
blind,-1,nrc
blinded,-1,nrc
blindly,-1,nrc
blindness,-1,nrc
blister,-1,nrc
bloated,-1,nrc
blob,-1,nrc
blockade,-1,nrc
bloodshed,-1,nrc
bloodthirsty,-1,nrc
bloody,-1,nrc
blot,-1,nrc
blower,-1,nrc
blowout,-1,nrc
blues,-1,nrc
bluff,-1,nrc
blunder,-1,nrc
blur,-1,nrc
blurred,-1,nrc
blush,-1,nrc
boast,-1,nrc
boasting,-1,nrc
bog,-1,nrc
bogus,-1,nrc
boil,-1,nrc
boilerplate,-1,nrc
boisterous,-1,nrc
bomb,-1,nrc
bombard,-1,nrc
bombardment,-1,nrc
bombed,-1,nrc
bondage,-1,nrc
bonds,-1,nrc
boo,-1,nrc
booby,-1,nrc
bookworm,-1,nrc
booze,-1,nrc
bore,-1,nrc
boredom,-1,nrc
boring,-1,nrc
borrower,-1,nrc
bother,-1,nrc
bothering,-1,nrc
bottom,-1,nrc
bound,-1,nrc
bout,-1,nrc
bovine,-1,nrc
boy,-1,nrc
boycott,-1,nrc
brag,-1,nrc
brandy,-1,nrc
bravado,-1,nrc
brawl,-1,nrc
brazen,-1,nrc
breach,-1,nrc
breakdown,-1,nrc
breakneck,-1,nrc
breakup,-1,nrc
bribe,-1,nrc
bribery,-1,nrc
brigade,-1,nrc
brimstone,-1,nrc
bristle,-1,nrc
broadside,-1,nrc
broil,-1,nrc
broke,-1,nrc
broken,-1,nrc
brothel,-1,nrc
bruise,-1,nrc
brunt,-1,nrc
brutal,-1,nrc
brutality,-1,nrc
brute,-1,nrc
buck,-1,nrc
buffet,-1,nrc
bug,-1,nrc
bugaboo,-1,nrc
bulbous,-1,nrc
bully,-1,nrc
bum,-1,nrc
bummer,-1,nrc
burdensome,-1,nrc
bureaucracy,-1,nrc
bureaucrat,-1,nrc
burglar,-1,nrc
burglary,-1,nrc
burial,-1,nrc
buried,-1,nrc
burke,-1,nrc
burnt,-1,nrc
busted,-1,nrc
butcher,-1,nrc
butt,-1,nrc
buzzed,-1,nrc
cabal,-1,nrc
cacophony,-1,nrc
cad,-1,nrc
cadaver,-1,nrc
cage,-1,nrc
calculating,-1,nrc
callous,-1,nrc
calls,-1,nrc
campaigning,-1,nrc
cancel,-1,nrc
cancer,-1,nrc
canker,-1,nrc
cannibal,-1,nrc
cannibalism,-1,nrc
cannon,-1,nrc
captive,-1,nrc
captivity,-1,nrc
captor,-1,nrc
capture,-1,nrc
carcass,-1,nrc
carcinoma,-1,nrc
cardiomyopathy,-1,nrc
carelessness,-1,nrc
caricature,-1,nrc
caries,-1,nrc
carnage,-1,nrc
carnal,-1,nrc
carnivorous,-1,nrc
cartel,-1,nrc
case,-1,nrc
casket,-1,nrc
caste,-1,nrc
casualty,-1,nrc
cataract,-1,nrc
catastrophe,-1,nrc
catheter,-1,nrc
caution,-1,nrc
cede,-1,nrc
celebrity,-1,nrc
cemetery,-1,nrc
censor,-1,nrc
censure,-1,nrc
cess,-1,nrc
cessation,-1,nrc
chaff,-1,nrc
chafing,-1,nrc
chagrin,-1,nrc
challenge,-1,nrc
chaos,-1,nrc
chaotic,-1,nrc
charade,-1,nrc
chargeable,-1,nrc
charmed,-1,nrc
chase,-1,nrc
chastisement,-1,nrc
chatty,-1,nrc
cheap,-1,nrc
cheat,-1,nrc
cheesecake,-1,nrc
chicane,-1,nrc
childish,-1,nrc
chilly,-1,nrc
chloroform,-1,nrc
choke,-1,nrc
cholera,-1,nrc
chop,-1,nrc
chore,-1,nrc
chronic,-1,nrc
cigarette,-1,nrc
circumvention,-1,nrc
clamor,-1,nrc
clash,-1,nrc
clashing,-1,nrc
claw,-1,nrc
cloister,-1,nrc
clouded,-1,nrc
cloudiness,-1,nrc
clump,-1,nrc
clumsy,-1,nrc
cocaine,-1,nrc
coerce,-1,nrc
coercion,-1,nrc
coffin,-1,nrc
cold,-1,nrc
coldly,-1,nrc
coldness,-1,nrc
colic,-1,nrc
collapse,-1,nrc
collision,-1,nrc
collusion,-1,nrc
coma,-1,nrc
comatose,-1,nrc
combat,-1,nrc
combatant,-1,nrc
combative,-1,nrc
committal,-1,nrc
commotion,-1,nrc
communism,-1,nrc
communist,-1,nrc
competition,-1,nrc
complain,-1,nrc
complaint,-1,nrc
complexed,-1,nrc
complexity,-1,nrc
complicate,-1,nrc
complicated,-1,nrc
complication,-1,nrc
complicity,-1,nrc
compost,-1,nrc
compulsion,-1,nrc
compulsory,-1,nrc
conceal,-1,nrc
concealed,-1,nrc
concealment,-1,nrc
conceit,-1,nrc
conceited,-1,nrc
concussion,-1,nrc
condemn,-1,nrc
condemnation,-1,nrc
condescending,-1,nrc
condescension,-1,nrc
confess,-1,nrc
confession,-1,nrc
confine,-1,nrc
confined,-1,nrc
confinement,-1,nrc
confiscate,-1,nrc
confiscation,-1,nrc
conflagration,-1,nrc
conflict,-1,nrc
conflicting,-1,nrc
confound,-1,nrc
confounded,-1,nrc
confuse,-1,nrc
confusion,-1,nrc
congestion,-1,nrc
conjuring,-1,nrc
conquest,-1,nrc
conspirator,-1,nrc
conspire,-1,nrc
consternation,-1,nrc
constipation,-1,nrc
constrain,-1,nrc
constrained,-1,nrc
constraint,-1,nrc
contagion,-1,nrc
contagious,-1,nrc
contaminate,-1,nrc
contaminated,-1,nrc
contamination,-1,nrc
contempt,-1,nrc
contemptible,-1,nrc
contemptuous,-1,nrc
contentious,-1,nrc
contraband,-1,nrc
contracted,-1,nrc
contradict,-1,nrc
contradiction,-1,nrc
contradictory,-1,nrc
contrary,-1,nrc
contrasted,-1,nrc
contravene,-1,nrc
contravention,-1,nrc
controversial,-1,nrc
controversy,-1,nrc
convict,-1,nrc
conviction,-1,nrc
coop,-1,nrc
copy,-1,nrc
copycat,-1,nrc
coroner,-1,nrc
corporal,-1,nrc
corpse,-1,nrc
correction,-1,nrc
corrosion,-1,nrc
corrosive,-1,nrc
corrupt,-1,nrc
corrupting,-1,nrc
corruption,-1,nrc
cough,-1,nrc
counsellor,-1,nrc
coursing,-1,nrc
covet,-1,nrc
coward,-1,nrc
cowardice,-1,nrc
cowardly,-1,nrc
crabby,-1,nrc
crack,-1,nrc
cracked,-1,nrc
cracking,-1,nrc
cramp,-1,nrc
cramped,-1,nrc
crank,-1,nrc
cranky,-1,nrc
crap,-1,nrc
crash,-1,nrc
crawl,-1,nrc
crazed,-1,nrc
crazy,-1,nrc
creaking,-1,nrc
creature,-1,nrc
creep,-1,nrc
crime,-1,nrc
criminal,-1,nrc
criminality,-1,nrc
cringe,-1,nrc
cripple,-1,nrc
crippled,-1,nrc
crisis,-1,nrc
crisp,-1,nrc
critic,-1,nrc
criticism,-1,nrc
criticize,-1,nrc
crook,-1,nrc
cross,-1,nrc
crouching,-1,nrc
cruciate,-1,nrc
crucifixion,-1,nrc
crude,-1,nrc
cruel,-1,nrc
cruelly,-1,nrc
cruelty,-1,nrc
crumbling,-1,nrc
crunch,-1,nrc
crusade,-1,nrc
crushed,-1,nrc
crushing,-1,nrc
crusty,-1,nrc
cry,-1,nrc
crying,-1,nrc
crypt,-1,nrc
cuckold,-1,nrc
cuckoo,-1,nrc
cull,-1,nrc
culpability,-1,nrc
culpable,-1,nrc
culprit,-1,nrc
cult,-1,nrc
cumbersome,-1,nrc
cunning,-1,nrc
cupping,-1,nrc
cur,-1,nrc
curse,-1,nrc
cursed,-1,nrc
cursing,-1,nrc
cursory,-1,nrc
cutter,-1,nrc
cutthroat,-1,nrc
cutting,-1,nrc
cyanide,-1,nrc
cyclone,-1,nrc
cyst,-1,nrc
cytomegalovirus,-1,nrc
dabbling,-1,nrc
daemon,-1,nrc
daft,-1,nrc
dagger,-1,nrc
damage,-1,nrc
damages,-1,nrc
damn,-1,nrc
damnation,-1,nrc
damned,-1,nrc
damper,-1,nrc
dandruff,-1,nrc
dandy,-1,nrc
danger,-1,nrc
dangerous,-1,nrc
darken,-1,nrc
darkened,-1,nrc
darkness,-1,nrc
dashed,-1,nrc
dastardly,-1,nrc
dazed,-1,nrc
deactivate,-1,nrc
deadlock,-1,nrc
deadly,-1,nrc
deaf,-1,nrc
death,-1,nrc
debacle,-1,nrc
debauchery,-1,nrc
debris,-1,nrc
debt,-1,nrc
debtor,-1,nrc
decay,-1,nrc
decayed,-1,nrc
deceased,-1,nrc
deceit,-1,nrc
deceitful,-1,nrc
deceive,-1,nrc
deceived,-1,nrc
deceiving,-1,nrc
deception,-1,nrc
deceptive,-1,nrc
declination,-1,nrc
decline,-1,nrc
declining,-1,nrc
decomposition,-1,nrc
decrease,-1,nrc
decrement,-1,nrc
decrepit,-1,nrc
decry,-1,nrc
deduct,-1,nrc
defamation,-1,nrc
defamatory,-1,nrc
default,-1,nrc
defeat,-1,nrc
defeated,-1,nrc
defect,-1,nrc
defection,-1,nrc
defective,-1,nrc
defenseless,-1,nrc
deferral,-1,nrc
defiance,-1,nrc
defiant,-1,nrc
deficiency,-1,nrc
deficit,-1,nrc
deflate,-1,nrc
deflation,-1,nrc
deform,-1,nrc
deformed,-1,nrc
deformity,-1,nrc
defraud,-1,nrc
defunct,-1,nrc
defy,-1,nrc
degeneracy,-1,nrc
degenerate,-1,nrc
degradation,-1,nrc
degrade,-1,nrc
degrading,-1,nrc
delay,-1,nrc
delayed,-1,nrc
deleterious,-1,nrc
deletion,-1,nrc
delinquency,-1,nrc
delinquent,-1,nrc
delirious,-1,nrc
delirium,-1,nrc
deluge,-1,nrc
delusion,-1,nrc
delusional,-1,nrc
demand,-1,nrc
demanding,-1,nrc
demented,-1,nrc
dementia,-1,nrc
demise,-1,nrc
demolish,-1,nrc
demolition,-1,nrc
demon,-1,nrc
demonic,-1,nrc
demoralized,-1,nrc
denial,-1,nrc
denied,-1,nrc
denounce,-1,nrc
denunciation,-1,nrc
deny,-1,nrc
denying,-1,nrc
departed,-1,nrc
departure,-1,nrc
dependence,-1,nrc
dependency,-1,nrc
dependent,-1,nrc
deplorable,-1,nrc
deplore,-1,nrc
deport,-1,nrc
deportation,-1,nrc
depraved,-1,nrc
depravity,-1,nrc
depreciate,-1,nrc
depreciated,-1,nrc
depreciation,-1,nrc
depress,-1,nrc
depressed,-1,nrc
depressing,-1,nrc
depression,-1,nrc
depressive,-1,nrc
deprivation,-1,nrc
deranged,-1,nrc
derelict,-1,nrc
derision,-1,nrc
derogation,-1,nrc
derogatory,-1,nrc
desecration,-1,nrc
desert,-1,nrc
deserted,-1,nrc
desertion,-1,nrc
desist,-1,nrc
desolation,-1,nrc
despair,-1,nrc
despairing,-1,nrc
desperate,-1,nrc
despicable,-1,nrc
despise,-1,nrc
despotic,-1,nrc
despotism,-1,nrc
destitute,-1,nrc
destroyed,-1,nrc
destroyer,-1,nrc
destroying,-1,nrc
destruction,-1,nrc
destructive,-1,nrc
detachment,-1,nrc
detain,-1,nrc
detainee,-1,nrc
detention,-1,nrc
deteriorate,-1,nrc
deteriorated,-1,nrc
deterioration,-1,nrc
detest,-1,nrc
detonate,-1,nrc
detract,-1,nrc
detriment,-1,nrc
detrimental,-1,nrc
detritus,-1,nrc
devastate,-1,nrc
devastating,-1,nrc
devastation,-1,nrc
devil,-1,nrc
devilish,-1,nrc
devious,-1,nrc
devolution,-1,nrc
devour,-1,nrc
diabolical,-1,nrc
diagnosis,-1,nrc
diatribe,-1,nrc
dictator,-1,nrc
dictatorial,-1,nrc
dictatorship,-1,nrc
die,-1,nrc
difficulties,-1,nrc
difficulty,-1,nrc
digress,-1,nrc
dilapidated,-1,nrc
dilute,-1,nrc
diminish,-1,nrc
diminished,-1,nrc
din,-1,nrc
dire,-1,nrc
dirt,-1,nrc
dirty,-1,nrc
disability,-1,nrc
disable,-1,nrc
disabled,-1,nrc
disaffected,-1,nrc
disagree,-1,nrc
disagreeing,-1,nrc
disagreement,-1,nrc
disallowed,-1,nrc
disappoint,-1,nrc
disappointed,-1,nrc
disappointing,-1,nrc
disappointment,-1,nrc
disapproval,-1,nrc
disapprove,-1,nrc
disapproved,-1,nrc
disapproving,-1,nrc
disaster,-1,nrc
disastrous,-1,nrc
disbelieve,-1,nrc
discards,-1,nrc
discharge,-1,nrc
discipline,-1,nrc
disclaim,-1,nrc
discoloration,-1,nrc
discolored,-1,nrc
discomfort,-1,nrc
disconnect,-1,nrc
disconnected,-1,nrc
disconnection,-1,nrc
discontent,-1,nrc
discontinue,-1,nrc
discontinuity,-1,nrc
discord,-1,nrc
discourage,-1,nrc
discouragement,-1,nrc
discredit,-1,nrc
discriminate,-1,nrc
discriminating,-1,nrc
discrimination,-1,nrc
disdain,-1,nrc
disease,-1,nrc
diseased,-1,nrc
disembodied,-1,nrc
disengagement,-1,nrc
disfigured,-1,nrc
disgrace,-1,nrc
disgraced,-1,nrc
disgraceful,-1,nrc
disgruntled,-1,nrc
disgust,-1,nrc
disgusting,-1,nrc
disheartened,-1,nrc
disheartening,-1,nrc
dishonest,-1,nrc
dishonesty,-1,nrc
dishonor,-1,nrc
disillusionment,-1,nrc
disinformation,-1,nrc
disingenuous,-1,nrc
disintegrate,-1,nrc
disintegration,-1,nrc
disinterested,-1,nrc
dislike,-1,nrc
disliked,-1,nrc
dislocated,-1,nrc
dismal,-1,nrc
dismay,-1,nrc
dismemberment,-1,nrc
dismissal,-1,nrc
disobedience,-1,nrc
disobedient,-1,nrc
disobey,-1,nrc
disorder,-1,nrc
disorderly,-1,nrc
disorganized,-1,nrc
disparage,-1,nrc
disparaging,-1,nrc
disparity,-1,nrc
dispassionate,-1,nrc
dispel,-1,nrc
dispersion,-1,nrc
displace,-1,nrc
displeased,-1,nrc
displeasure,-1,nrc
disposal,-1,nrc
dispossessed,-1,nrc
dispute,-1,nrc
disqualification,-1,nrc
disqualified,-1,nrc
disqualify,-1,nrc
disregard,-1,nrc
disregarded,-1,nrc
disreputable,-1,nrc
disrespect,-1,nrc
disrespectful,-1,nrc
disruption,-1,nrc
dissatisfaction,-1,nrc
dissension,-1,nrc
dissenting,-1,nrc
disservice,-1,nrc
dissident,-1,nrc
dissolution,-1,nrc
dissonance,-1,nrc
distaste,-1,nrc
distasteful,-1,nrc
distorted,-1,nrc
distortion,-1,nrc
distract,-1,nrc
distracted,-1,nrc
distracting,-1,nrc
distraction,-1,nrc
distraught,-1,nrc
distress,-1,nrc
distressed,-1,nrc
distressing,-1,nrc
distrust,-1,nrc
disturbance,-1,nrc
disturbed,-1,nrc
disuse,-1,nrc
disused,-1,nrc
divergent,-1,nrc
diverse,-1,nrc
divested,-1,nrc
divestment,-1,nrc
divorce,-1,nrc
dizziness,-1,nrc
dizzy,-1,nrc
docked,-1,nrc
doit,-1,nrc
doldrums,-1,nrc
dole,-1,nrc
dolor,-1,nrc
dominant,-1,nrc
dominate,-1,nrc
domination,-1,nrc
donkey,-1,nrc
doodle,-1,nrc
doom,-1,nrc
doomed,-1,nrc
doomsday,-1,nrc
doubt,-1,nrc
doubtful,-1,nrc
doubting,-1,nrc
douche,-1,nrc
dour,-1,nrc
downfall,-1,nrc
drab,-1,nrc
drainage,-1,nrc
drawback,-1,nrc
dread,-1,nrc
dreadful,-1,nrc
dreadfully,-1,nrc
dreary,-1,nrc
drinking,-1,nrc
drivel,-1,nrc
drone,-1,nrc
drooping,-1,nrc
drought,-1,nrc
drown,-1,nrc
drowsiness,-1,nrc
drudgery,-1,nrc
drunken,-1,nrc
drunkenness,-1,nrc
dubious,-1,nrc
dull,-1,nrc
dumb,-1,nrc
dummy,-1,nrc
dumps,-1,nrc
dun,-1,nrc
dungeon,-1,nrc
dupe,-1,nrc
duplicity,-1,nrc
duress,-1,nrc
dust,-1,nrc
dwarfed,-1,nrc
dying,-1,nrc
dysentery,-1,nrc
earthquake,-1,nrc
eavesdropping,-1,nrc
edict,-1,nrc
effeminate,-1,nrc
egotistical,-1,nrc
egregious,-1,nrc
eject,-1,nrc
ejection,-1,nrc
elimination,-1,nrc
elusive,-1,nrc
emaciated,-1,nrc
embargo,-1,nrc
embarrass,-1,nrc
embarrassing,-1,nrc
embarrassment,-1,nrc
embezzlement,-1,nrc
embolism,-1,nrc
embroiled,-1,nrc
emergency,-1,nrc
enclave,-1,nrc
encroachment,-1,nrc
encumbrance,-1,nrc
endanger,-1,nrc
endangered,-1,nrc
endemic,-1,nrc
endless,-1,nrc
enemy,-1,nrc
enforce,-1,nrc
enforcement,-1,nrc
enigmatic,-1,nrc
enmity,-1,nrc
enslave,-1,nrc
enslaved,-1,nrc
enslavement,-1,nrc
entangled,-1,nrc
entanglement,-1,nrc
entrails,-1,nrc
envious,-1,nrc
epidemic,-1,nrc
epilepsy,-1,nrc
eradicate,-1,nrc
eradication,-1,nrc
erase,-1,nrc
erosion,-1,nrc
erotic,-1,nrc
err,-1,nrc
errant,-1,nrc
erratic,-1,nrc
erratum,-1,nrc
erroneous,-1,nrc
error,-1,nrc
erupt,-1,nrc
eruption,-1,nrc
escalate,-1,nrc
escape,-1,nrc
eschew,-1,nrc
espionage,-1,nrc
estranged,-1,nrc
euthanasia,-1,nrc
evacuate,-1,nrc
evacuation,-1,nrc
evade,-1,nrc
evasion,-1,nrc
evict,-1,nrc
eviction,-1,nrc
evil,-1,nrc
exacerbate,-1,nrc
exacerbation,-1,nrc
exacting,-1,nrc
exaggerate,-1,nrc
exaggerated,-1,nrc
examination,-1,nrc
exasperation,-1,nrc
excavation,-1,nrc
excess,-1,nrc
excise,-1,nrc
excluded,-1,nrc
excluding,-1,nrc
exclusion,-1,nrc
excrement,-1,nrc
excruciating,-1,nrc
excuse,-1,nrc
execution,-1,nrc
executioner,-1,nrc
exhaust,-1,nrc
exhausted,-1,nrc
exhaustion,-1,nrc
exigent,-1,nrc
exile,-1,nrc
exorcism,-1,nrc
expatriate,-1,nrc
expel,-1,nrc
expenditure,-1,nrc
expenses,-1,nrc
expire,-1,nrc
expired,-1,nrc
expletive,-1,nrc
explode,-1,nrc
explosion,-1,nrc
explosive,-1,nrc
exposed,-1,nrc
expropriation,-1,nrc
expulsion,-1,nrc
exterminate,-1,nrc
extermination,-1,nrc
extinct,-1,nrc
extinguish,-1,nrc
extrajudicial,-1,nrc
extremity,-1,nrc
fabricate,-1,nrc
fabrication,-1,nrc
fade,-1,nrc
faeces,-1,nrc
failing,-1,nrc
failure,-1,nrc
fainting,-1,nrc
faithless,-1,nrc
fake,-1,nrc
fall,-1,nrc
fallacious,-1,nrc
fallacy,-1,nrc
fallible,-1,nrc
falling,-1,nrc
fallow,-1,nrc
falsehood,-1,nrc
falsely,-1,nrc
falsification,-1,nrc
falsify,-1,nrc
falsity,-1,nrc
falter,-1,nrc
famine,-1,nrc
fanatic,-1,nrc
farce,-1,nrc
farcical,-1,nrc
fasting,-1,nrc
fat,-1,nrc
fatal,-1,nrc
fatality,-1,nrc
fate,-1,nrc
fatigue,-1,nrc
fatigued,-1,nrc
fatty,-1,nrc
fault,-1,nrc
faulty,-1,nrc
fawn,-1,nrc
fear,-1,nrc
fearful,-1,nrc
fearfully,-1,nrc
fearing,-1,nrc
febrile,-1,nrc
fecal,-1,nrc
feces,-1,nrc
fee,-1,nrc
feeble,-1,nrc
feeling,-1,nrc
feigned,-1,nrc
fell,-1,nrc
felon,-1,nrc
felony,-1,nrc
ferment,-1,nrc
ferocious,-1,nrc
ferocity,-1,nrc
feud,-1,nrc
feudal,-1,nrc
feudalism,-1,nrc
feverish,-1,nrc
fiasco,-1,nrc
fib,-1,nrc
fickle,-1,nrc
fictitious,-1,nrc
fiend,-1,nrc
fierce,-1,nrc
fight,-1,nrc
fighting,-1,nrc
filibuster,-1,nrc
filth,-1,nrc
filthy,-1,nrc
firearms,-1,nrc
fits,-1,nrc
flabby,-1,nrc
flaccid,-1,nrc
flagging,-1,nrc
flagrant,-1,nrc
flake,-1,nrc
flap,-1,nrc
flatulence,-1,nrc
flaunt,-1,nrc
flaw,-1,nrc
flea,-1,nrc
flee,-1,nrc
fleece,-1,nrc
fleshy,-1,nrc
flinch,-1,nrc
flirt,-1,nrc
flog,-1,nrc
flop,-1,nrc
flounder,-1,nrc
flu,-1,nrc
fluctuation,-1,nrc
foe,-1,nrc
foiled,-1,nrc
folly,-1,nrc
fool,-1,nrc
foolish,-1,nrc
foolishness,-1,nrc
forage,-1,nrc
foray,-1,nrc
forbid,-1,nrc
forbidding,-1,nrc
force,-1,nrc
forced,-1,nrc
forcibly,-1,nrc
foreboding,-1,nrc
foreclose,-1,nrc
forego,-1,nrc
foreign,-1,nrc
foreigner,-1,nrc
forewarned,-1,nrc
forfeit,-1,nrc
forfeited,-1,nrc
forfeiture,-1,nrc
forgery,-1,nrc
forget,-1,nrc
forgotten,-1,nrc
forlorn,-1,nrc
formless,-1,nrc
fornication,-1,nrc
forsake,-1,nrc
forsaken,-1,nrc
foul,-1,nrc
fracture,-1,nrc
fragile,-1,nrc
frailty,-1,nrc
frantic,-1,nrc
fraud,-1,nrc
fraudulent,-1,nrc
fraught,-1,nrc
fray,-1,nrc
frayed,-1,nrc
freakish,-1,nrc
freezing,-1,nrc
frenetic,-1,nrc
frenzied,-1,nrc
frenzy,-1,nrc
fret,-1,nrc
fright,-1,nrc
frighten,-1,nrc
frightened,-1,nrc
frightful,-1,nrc
frigid,-1,nrc
frivolous,-1,nrc
frostbite,-1,nrc
froth,-1,nrc
frown,-1,nrc
frowning,-1,nrc
fruitless,-1,nrc
frustrate,-1,nrc
frustrated,-1,nrc
frustration,-1,nrc
fudge,-1,nrc
fugitive,-1,nrc
fumble,-1,nrc
fume,-1,nrc
fuming,-1,nrc
fungus,-1,nrc
funk,-1,nrc
furious,-1,nrc
furor,-1,nrc
fury,-1,nrc
fuss,-1,nrc
fussy,-1,nrc
futile,-1,nrc
futility,-1,nrc
gaby,-1,nrc
gag,-1,nrc
gall,-1,nrc
gallows,-1,nrc
gamble,-1,nrc
gambler,-1,nrc
gambling,-1,nrc
gang,-1,nrc
gaol,-1,nrc
gap,-1,nrc
garbage,-1,nrc
garish,-1,nrc
garnish,-1,nrc
gash,-1,nrc
gasping,-1,nrc
gauche,-1,nrc
gaunt,-1,nrc
gent,-1,nrc
geriatric,-1,nrc
ghastly,-1,nrc
ghetto,-1,nrc
ghostly,-1,nrc
gibberish,-1,nrc
glacial,-1,nrc
glare,-1,nrc
glaring,-1,nrc
glib,-1,nrc
gloom,-1,nrc
gloomy,-1,nrc
glum,-1,nrc
glut,-1,nrc
gluttony,-1,nrc
gnome,-1,nrc
goblin,-1,nrc
godless,-1,nrc
gonorrhea,-1,nrc
goo,-1,nrc
gore,-1,nrc
gorge,-1,nrc
gorilla,-1,nrc
gory,-1,nrc
gossip,-1,nrc
gouge,-1,nrc
gout,-1,nrc
government,-1,nrc
grab,-1,nrc
grasping,-1,nrc
grate,-1,nrc
grated,-1,nrc
grating,-1,nrc
grave,-1,nrc
greed,-1,nrc
greedy,-1,nrc
grenade,-1,nrc
grief,-1,nrc
grievance,-1,nrc
grieve,-1,nrc
grievous,-1,nrc
grim,-1,nrc
grime,-1,nrc
grimy,-1,nrc
grinding,-1,nrc
grisly,-1,nrc
grizzly,-1,nrc
groan,-1,nrc
grope,-1,nrc
gross,-1,nrc
grotesque,-1,nrc
grounded,-1,nrc
groundless,-1,nrc
growl,-1,nrc
growling,-1,nrc
grudge,-1,nrc
grudgingly,-1,nrc
gruesome,-1,nrc
gruff,-1,nrc
grumble,-1,nrc
grumpy,-1,nrc
guerilla,-1,nrc
guile,-1,nrc
guillotine,-1,nrc
guilt,-1,nrc
guilty,-1,nrc
guise,-1,nrc
gull,-1,nrc
gullible,-1,nrc
gun,-1,nrc
gush,-1,nrc
guzzling,-1,nrc
gypsy,-1,nrc
hag,-1,nrc
haggard,-1,nrc
hail,-1,nrc
hairy,-1,nrc
halfway,-1,nrc
hallucination,-1,nrc
halter,-1,nrc
halting,-1,nrc
hamper,-1,nrc
hamstring,-1,nrc
handicap,-1,nrc
hanging,-1,nrc
hangman,-1,nrc
harass,-1,nrc
harbinger,-1,nrc
hardened,-1,nrc
hardness,-1,nrc
hardship,-1,nrc
harlot,-1,nrc
harm,-1,nrc
harmful,-1,nrc
harrowing,-1,nrc
harry,-1,nrc
harshness,-1,nrc
hash,-1,nrc
hashish,-1,nrc
hasty,-1,nrc
hate,-1,nrc
hateful,-1,nrc
hating,-1,nrc
hatred,-1,nrc
haughty,-1,nrc
haunt,-1,nrc
haunted,-1,nrc
havoc,-1,nrc
hazard,-1,nrc
hazardous,-1,nrc
haze,-1,nrc
headache,-1,nrc
heady,-1,nrc
hearing,-1,nrc
hearsay,-1,nrc
hearse,-1,nrc
heartache,-1,nrc
heartburn,-1,nrc
heartless,-1,nrc
heathen,-1,nrc
heavily,-1,nrc
hedonism,-1,nrc
heel,-1,nrc
heighten,-1,nrc
heinous,-1,nrc
hell,-1,nrc
hellish,-1,nrc
helpless,-1,nrc
helplessness,-1,nrc
hemorrhage,-1,nrc
hemorrhoids,-1,nrc
heresy,-1,nrc
heretic,-1,nrc
hermaphrodite,-1,nrc
heroin,-1,nrc
herpes,-1,nrc
herpesvirus,-1,nrc
hesitation,-1,nrc
hidden,-1,nrc
hideous,-1,nrc
highest,-1,nrc
hindering,-1,nrc
hindrance,-1,nrc
hippie,-1,nrc
hiss,-1,nrc
hissing,-1,nrc
hit,-1,nrc
hitherto,-1,nrc
hive,-1,nrc
hoarse,-1,nrc
hoary,-1,nrc
hoax,-1,nrc
hobo,-1,nrc
hog,-1,nrc
hollow,-1,nrc
holocaust,-1,nrc
homeless,-1,nrc
homesick,-1,nrc
homicidal,-1,nrc
homicide,-1,nrc
homosexuality,-1,nrc
hood,-1,nrc
hooked,-1,nrc
hoot,-1,nrc
hopeless,-1,nrc
hopelessness,-1,nrc
horde,-1,nrc
horrible,-1,nrc
horribly,-1,nrc
horrid,-1,nrc
horrific,-1,nrc
horrified,-1,nrc
horrifying,-1,nrc
horror,-1,nrc
horrors,-1,nrc
hostage,-1,nrc
hostile,-1,nrc
hostilities,-1,nrc
hostility,-1,nrc
howl,-1,nrc
huff,-1,nrc
humble,-1,nrc
humbug,-1,nrc
humiliate,-1,nrc
humiliating,-1,nrc
humiliation,-1,nrc
hunch,-1,nrc
hungry,-1,nrc
hunter,-1,nrc
hunting,-1,nrc
hurricane,-1,nrc
hurried,-1,nrc
hurt,-1,nrc
hurtful,-1,nrc
hurting,-1,nrc
hustler,-1,nrc
hydra,-1,nrc
hydrocephalus,-1,nrc
hype,-1,nrc
hyperbole,-1,nrc
hypocrisy,-1,nrc
hypocrite,-1,nrc
hypocritical,-1,nrc
hysteria,-1,nrc
hysterical,-1,nrc
idiocy,-1,nrc
idiot,-1,nrc
idiotic,-1,nrc
idler,-1,nrc
idolatry,-1,nrc
ignorance,-1,nrc
ignorant,-1,nrc
ignore,-1,nrc
ill,-1,nrc
illegal,-1,nrc
illegality,-1,nrc
illegible,-1,nrc
illegitimate,-1,nrc
illicit,-1,nrc
illiterate,-1,nrc
illness,-1,nrc
illogical,-1,nrc
illusion,-1,nrc
imitated,-1,nrc
imitation,-1,nrc
immature,-1,nrc
immaturity,-1,nrc
immediately,-1,nrc
immoral,-1,nrc
immorality,-1,nrc
immovable,-1,nrc
impair,-1,nrc
impairment,-1,nrc
impassable,-1,nrc
impatience,-1,nrc
impatient,-1,nrc
impeach,-1,nrc
impeachment,-1,nrc
impede,-1,nrc
imperfection,-1,nrc
imperfectly,-1,nrc
impersonate,-1,nrc
impersonation,-1,nrc
implacable,-1,nrc
implicate,-1,nrc
impolite,-1,nrc
imposition,-1,nrc
impossible,-1,nrc
impotence,-1,nrc
impotent,-1,nrc
impound,-1,nrc
impracticable,-1,nrc
imprison,-1,nrc
imprisoned,-1,nrc
imprisonment,-1,nrc
impropriety,-1,nrc
imprudent,-1,nrc
impure,-1,nrc
impurity,-1,nrc
imputation,-1,nrc
inability,-1,nrc
inaccessible,-1,nrc
inaccurate,-1,nrc
inaction,-1,nrc
inactivity,-1,nrc
inadequacy,-1,nrc
inadequate,-1,nrc
inadmissible,-1,nrc
inane,-1,nrc
inapplicable,-1,nrc
inappropriate,-1,nrc
inattention,-1,nrc
inaudible,-1,nrc
incalculable,-1,nrc
incapacity,-1,nrc
incarceration,-1,nrc
incase,-1,nrc
incendiary,-1,nrc
incense,-1,nrc
incessant,-1,nrc
incest,-1,nrc
incestuous,-1,nrc
incineration,-1,nrc
incite,-1,nrc
inclement,-1,nrc
incoherent,-1,nrc
income,-1,nrc
incompatible,-1,nrc
incompetence,-1,nrc
incompetent,-1,nrc
incompleteness,-1,nrc
incomprehensible,-1,nrc
incongruous,-1,nrc
inconsequential,-1,nrc
inconsiderate,-1,nrc
inconsistency,-1,nrc
inconvenient,-1,nrc
incorrect,-1,nrc
incredulous,-1,nrc
incrimination,-1,nrc
incubus,-1,nrc
incur,-1,nrc
incurable,-1,nrc
incursion,-1,nrc
indecent,-1,nrc
indecision,-1,nrc
indecisive,-1,nrc
indefensible,-1,nrc
indemnify,-1,nrc
indenture,-1,nrc
indeterminate,-1,nrc
indict,-1,nrc
indictment,-1,nrc
indifference,-1,nrc
indigent,-1,nrc
indignant,-1,nrc
indignation,-1,nrc
indistinct,-1,nrc
indoctrination,-1,nrc
indolent,-1,nrc
ineffective,-1,nrc
ineffectual,-1,nrc
inefficiency,-1,nrc
inefficient,-1,nrc
inept,-1,nrc
ineptitude,-1,nrc
inequality,-1,nrc
inequitable,-1,nrc
inert,-1,nrc
inexcusable,-1,nrc
inexperience,-1,nrc
inexperienced,-1,nrc
inexplicable,-1,nrc
infamous,-1,nrc
infamy,-1,nrc
infanticide,-1,nrc
infantile,-1,nrc
infarct,-1,nrc
infect,-1,nrc
infection,-1,nrc
infectious,-1,nrc
inferior,-1,nrc
inferiority,-1,nrc
inferno,-1,nrc
infertility,-1,nrc
infestation,-1,nrc
infidel,-1,nrc
infidelity,-1,nrc
infiltration,-1,nrc
infirm,-1,nrc
infirmity,-1,nrc
inflammation,-1,nrc
inflated,-1,nrc
inflation,-1,nrc
inflict,-1,nrc
infliction,-1,nrc
influence,-1,nrc
influenza,-1,nrc
informer,-1,nrc
infraction,-1,nrc
infrequently,-1,nrc
infringement,-1,nrc
inhibit,-1,nrc
inhospitable,-1,nrc
inhuman,-1,nrc
inhumanity,-1,nrc
inimical,-1,nrc
iniquity,-1,nrc
injunction,-1,nrc
injure,-1,nrc
injured,-1,nrc
injurious,-1,nrc
injury,-1,nrc
injustice,-1,nrc
inmate,-1,nrc
inoperative,-1,nrc
insane,-1,nrc
insanity,-1,nrc
insecure,-1,nrc
insecurity,-1,nrc
insidious,-1,nrc
insignificance,-1,nrc
insignificant,-1,nrc
insipid,-1,nrc
insolent,-1,nrc
insolvency,-1,nrc
insolvent,-1,nrc
instability,-1,nrc
instigate,-1,nrc
instigation,-1,nrc
insufficiency,-1,nrc
insufficient,-1,nrc
insufficiently,-1,nrc
insult,-1,nrc
insulting,-1,nrc
insurgent,-1,nrc
insurmountable,-1,nrc
insurrection,-1,nrc
intense,-1,nrc
inter,-1,nrc
interdiction,-1,nrc
interference,-1,nrc
interment,-1,nrc
interminable,-1,nrc
interrupt,-1,nrc
interrupted,-1,nrc
intervention,-1,nrc
intestate,-1,nrc
intimidate,-1,nrc
intimidation,-1,nrc
intolerable,-1,nrc
intolerance,-1,nrc
intolerant,-1,nrc
intoxicated,-1,nrc
intractable,-1,nrc
intrigue,-1,nrc
intruder,-1,nrc
intrusion,-1,nrc
intrusive,-1,nrc
invade,-1,nrc
invader,-1,nrc
invalidate,-1,nrc
invalidation,-1,nrc
invalidity,-1,nrc
invasion,-1,nrc
involuntary,-1,nrc
involution,-1,nrc
irate,-1,nrc
ire,-1,nrc
irons,-1,nrc
irrational,-1,nrc
irrationality,-1,nrc
irreconcilable,-1,nrc
irregular,-1,nrc
irregularity,-1,nrc
irrelevant,-1,nrc
irreparable,-1,nrc
irresponsible,-1,nrc
irreverent,-1,nrc
irrevocable,-1,nrc
irritability,-1,nrc
irritable,-1,nrc
irritating,-1,nrc
irritation,-1,nrc
isolated,-1,nrc
isolation,-1,nrc
jabber,-1,nrc
jail,-1,nrc
jargon,-1,nrc
jarring,-1,nrc
jaundice,-1,nrc
jealous,-1,nrc
jealousy,-1,nrc
jeopardize,-1,nrc
jeopardy,-1,nrc
john,-1,nrc
joke,-1,nrc
jornada,-1,nrc
jumble,-1,nrc
junk,-1,nrc
junta,-1,nrc
juvenile,-1,nrc
kern,-1,nrc
kick,-1,nrc
kidnap,-1,nrc
kill,-1,nrc
killing,-1,nrc
kite,-1,nrc
knell,-1,nrc
knotted,-1,nrc
labored,-1,nrc
laborious,-1,nrc
labyrinth,-1,nrc
lace,-1,nrc
lack,-1,nrc
lacking,-1,nrc
lackluster,-1,nrc
laden,-1,nrc
lag,-1,nrc
lagging,-1,nrc
lair,-1,nrc
lament,-1,nrc
landslide,-1,nrc
languid,-1,nrc
languish,-1,nrc
languishing,-1,nrc
lapse,-1,nrc
larceny,-1,nrc
lash,-1,nrc
late,-1,nrc
lateness,-1,nrc
latent,-1,nrc
latrines,-1,nrc
laughable,-1,nrc
lava,-1,nrc
lawlessness,-1,nrc
lawsuit,-1,nrc
lawyer,-1,nrc
lax,-1,nrc
laxative,-1,nrc
lazy,-1,nrc
leak,-1,nrc
leakage,-1,nrc
leaky,-1,nrc
leave,-1,nrc
leech,-1,nrc
leeches,-1,nrc
leer,-1,nrc
lemon,-1,nrc
leprosy,-1,nrc
lesbian,-1,nrc
lessen,-1,nrc
lesser,-1,nrc
lethal,-1,nrc
lethargy,-1,nrc
leukemia,-1,nrc
levy,-1,nrc
lewd,-1,nrc
liaison,-1,nrc
liar,-1,nrc
libel,-1,nrc
liberal,-1,nrc
lick,-1,nrc
lie,-1,nrc
lifeless,-1,nrc
limited,-1,nrc
limp,-1,nrc
lint,-1,nrc
liquor,-1,nrc
listless,-1,nrc
litigant,-1,nrc
litigate,-1,nrc
litigation,-1,nrc
litigious,-1,nrc
litter,-1,nrc
livid,-1,nrc
loaf,-1,nrc
loafer,-1,nrc
loath,-1,nrc
loathe,-1,nrc
loathing,-1,nrc
loathsome,-1,nrc
lobbyist,-1,nrc
lockup,-1,nrc
locust,-1,nrc
lofty,-1,nrc
loneliness,-1,nrc
lonely,-1,nrc
lonesome,-1,nrc
loo,-1,nrc
loom,-1,nrc
loon,-1,nrc
loony,-1,nrc
loot,-1,nrc
lord,-1,nrc
lose,-1,nrc
losing,-1,nrc
loss,-1,nrc
lost,-1,nrc
loudness,-1,nrc
lounge,-1,nrc
louse,-1,nrc
lower,-1,nrc
lowering,-1,nrc
lowest,-1,nrc
lowlands,-1,nrc
lowly,-1,nrc
ludicrous,-1,nrc
lumbering,-1,nrc
lump,-1,nrc
lumpy,-1,nrc
lunacy,-1,nrc
lunatic,-1,nrc
lurch,-1,nrc
lure,-1,nrc
lurid,-1,nrc
lurk,-1,nrc
lurking,-1,nrc
lush,-1,nrc
lust,-1,nrc
lustful,-1,nrc
lying,-1,nrc
lynch,-1,nrc
mace,-1,nrc
mad,-1,nrc
madden,-1,nrc
madman,-1,nrc
madness,-1,nrc
mafia,-1,nrc
maggot,-1,nrc
makeshift,-1,nrc
malady,-1,nrc
malaise,-1,nrc
malaria,-1,nrc
malevolent,-1,nrc
malfeasance,-1,nrc
malformation,-1,nrc
malice,-1,nrc
malicious,-1,nrc
malign,-1,nrc
malignancy,-1,nrc
malignant,-1,nrc
malpractice,-1,nrc
mandamus,-1,nrc
mange,-1,nrc
mangle,-1,nrc
mania,-1,nrc
maniac,-1,nrc
maniacal,-1,nrc
manipulate,-1,nrc
manipulation,-1,nrc
manslaughter,-1,nrc
manure,-1,nrc
mar,-1,nrc
margin,-1,nrc
maroon,-1,nrc
martingale,-1,nrc
martyr,-1,nrc
martyrdom,-1,nrc
masochism,-1,nrc
massacre,-1,nrc
materialism,-1,nrc
materialist,-1,nrc
maternal,-1,nrc
meandering,-1,nrc
meaningless,-1,nrc
measles,-1,nrc
meddle,-1,nrc
mediocre,-1,nrc
mediocrity,-1,nrc
melancholic,-1,nrc
melancholy,-1,nrc
melee,-1,nrc
melodrama,-1,nrc
meltdown,-1,nrc
menace,-1,nrc
menacing,-1,nrc
menial,-1,nrc
mercenary,-1,nrc
merciless,-1,nrc
mess,-1,nrc
messy,-1,nrc
metastasis,-1,nrc
methanol,-1,nrc
midwife,-1,nrc
mildew,-1,nrc
militia,-1,nrc
mimicry,-1,nrc
minimize,-1,nrc
minimum,-1,nrc
minority,-1,nrc
mire,-1,nrc
misbehavior,-1,nrc
miscarriage,-1,nrc
mischief,-1,nrc
mischievous,-1,nrc
misconception,-1,nrc
misconduct,-1,nrc
miserable,-1,nrc
miserably,-1,nrc
misery,-1,nrc
misfortune,-1,nrc
misguided,-1,nrc
mishap,-1,nrc
misinterpretation,-1,nrc
mislead,-1,nrc
misleading,-1,nrc
mismanagement,-1,nrc
mismatch,-1,nrc
misnomer,-1,nrc
misplace,-1,nrc
misplaced,-1,nrc
misrepresent,-1,nrc
misrepresentation,-1,nrc
misrepresented,-1,nrc
missing,-1,nrc
misstatement,-1,nrc
mistake,-1,nrc
mistaken,-1,nrc
mistress,-1,nrc
mistrust,-1,nrc
misunderstand,-1,nrc
misunderstanding,-1,nrc
misuse,-1,nrc
mite,-1,nrc
mob,-1,nrc
mockery,-1,nrc
mocking,-1,nrc
molestation,-1,nrc
monochrome,-1,nrc
monopolist,-1,nrc
monsoon,-1,nrc
monster,-1,nrc
monstrosity,-1,nrc
moody,-1,nrc
moot,-1,nrc
morbid,-1,nrc
morbidity,-1,nrc
morgue,-1,nrc
moribund,-1,nrc
moron,-1,nrc
moronic,-1,nrc
morsel,-1,nrc
mortal,-1,nrc
mortality,-1,nrc
mortification,-1,nrc
mortuary,-1,nrc
mosquito,-1,nrc
mother,-1,nrc
mourn,-1,nrc
mournful,-1,nrc
mourning,-1,nrc
muck,-1,nrc
mud,-1,nrc
muddle,-1,nrc
muddled,-1,nrc
muddy,-1,nrc
muff,-1,nrc
mug,-1,nrc
mule,-1,nrc
mum,-1,nrc
mumble,-1,nrc
mumps,-1,nrc
murder,-1,nrc
murderer,-1,nrc
murderous,-1,nrc
murky,-1,nrc
muss,-1,nrc
musty,-1,nrc
mutant,-1,nrc
mutilated,-1,nrc
mutilation,-1,nrc
mutiny,-1,nrc
mutter,-1,nrc
muzzle,-1,nrc
myopia,-1,nrc
nab,-1,nrc
nadir,-1,nrc
nag,-1,nrc
naive,-1,nrc
nameless,-1,nrc
nappy,-1,nrc
narcotic,-1,nrc
nasty,-1,nrc
naughty,-1,nrc
nausea,-1,nrc
nauseous,-1,nrc
nay,-1,nrc
needful,-1,nrc
needy,-1,nrc
nefarious,-1,nrc
negation,-1,nrc
negative,-1,nrc
neglect,-1,nrc
neglected,-1,nrc
neglecting,-1,nrc
negligence,-1,nrc
negligent,-1,nrc
negligently,-1,nrc
negro,-1,nrc
nepotism,-1,nrc
nervous,-1,nrc
nether,-1,nrc
nettle,-1,nrc
neuralgia,-1,nrc
neurosis,-1,nrc
neurotic,-1,nrc
nicotine,-1,nrc
nigger,-1,nrc
nightmare,-1,nrc
nihilism,-1,nrc
noise,-1,nrc
noisy,-1,nrc
noncompliance,-1,nrc
nonsense,-1,nrc
nonsensical,-1,nrc
noose,-1,nrc
nothingness,-1,nrc
notoriety,-1,nrc
noxious,-1,nrc
nuisance,-1,nrc
nul,-1,nrc
nullify,-1,nrc
numb,-1,nrc
numbness,-1,nrc
nun,-1,nrc
oaf,-1,nrc
obese,-1,nrc
obesity,-1,nrc
obi,-1,nrc
obit,-1,nrc
obituary,-1,nrc
objection,-1,nrc
objectionable,-1,nrc
oblige,-1,nrc
obligor,-1,nrc
obliterate,-1,nrc
obliterated,-1,nrc
obliteration,-1,nrc
oblivion,-1,nrc
obnoxious,-1,nrc
obscene,-1,nrc
obscenity,-1,nrc
obscurity,-1,nrc
obstacle,-1,nrc
obstinate,-1,nrc
obstruct,-1,nrc
obstruction,-1,nrc
obstructive,-1,nrc
obtuse,-1,nrc
occult,-1,nrc
oddity,-1,nrc
odious,-1,nrc
odor,-1,nrc
offend,-1,nrc
offended,-1,nrc
offender,-1,nrc
offense,-1,nrc
offensive,-1,nrc
offhand,-1,nrc
offing,-1,nrc
ogre,-1,nrc
olfactory,-1,nrc
oligarchy,-1,nrc
omen,-1,nrc
ominous,-1,nrc
omit,-1,nrc
omnipotence,-1,nrc
onerous,-1,nrc
onus,-1,nrc
ooze,-1,nrc
opaque,-1,nrc
operatic,-1,nrc
opiate,-1,nrc
opinionated,-1,nrc
opium,-1,nrc
opponent,-1,nrc
oppose,-1,nrc
opposed,-1,nrc
opposition,-1,nrc
oppress,-1,nrc
oppression,-1,nrc
oppressive,-1,nrc
oppressor,-1,nrc
orc,-1,nrc
ordeal,-1,nrc
ordnance,-1,nrc
orphan,-1,nrc
ostensibly,-1,nrc
oust,-1,nrc
outburst,-1,nrc
outcast,-1,nrc
outcry,-1,nrc
outhouse,-1,nrc
outlandish,-1,nrc
outlaw,-1,nrc
outrage,-1,nrc
outstanding,-1,nrc
ovation,-1,nrc
overbearing,-1,nrc
overburden,-1,nrc
overcast,-1,nrc
overdo,-1,nrc
overdose,-1,nrc
overdue,-1,nrc
overestimated,-1,nrc
overflow,-1,nrc
overgrown,-1,nrc
overload,-1,nrc
overpaid,-1,nrc
overpower,-1,nrc
overpowering,-1,nrc
overpriced,-1,nrc
oversight,-1,nrc
overthrow,-1,nrc
overturn,-1,nrc
overwhelm,-1,nrc
overwhelmed,-1,nrc
owing,-1,nrc
oxidation,-1,nrc
pain,-1,nrc
pained,-1,nrc
painful,-1,nrc
painfully,-1,nrc
pains,-1,nrc
palsy,-1,nrc
pandemic,-1,nrc
pang,-1,nrc
panic,-1,nrc
parade,-1,nrc
paralysis,-1,nrc
paralyzed,-1,nrc
paranoia,-1,nrc
paraphrase,-1,nrc
parasite,-1,nrc
pare,-1,nrc
parrot,-1,nrc
parsimonious,-1,nrc
partisan,-1,nrc
passe,-1,nrc
passive,-1,nrc
passivity,-1,nrc
patch,-1,nrc
pathetic,-1,nrc
patronizing,-1,nrc
patter,-1,nrc
paucity,-1,nrc
pauper,-1,nrc
pawn,-1,nrc
payback,-1,nrc
payment,-1,nrc
peculiarities,-1,nrc
pedestrian,-1,nrc
penal,-1,nrc
penalty,-1,nrc
penetration,-1,nrc
penitentiary,-1,nrc
perdition,-1,nrc
peril,-1,nrc
perilous,-1,nrc
perish,-1,nrc
perishable,-1,nrc
perished,-1,nrc
perishing,-1,nrc
perjury,-1,nrc
pernicious,-1,nrc
perpetrator,-1,nrc
perpetuation,-1,nrc
perplexed,-1,nrc
perplexity,-1,nrc
persecute,-1,nrc
persecution,-1,nrc
perturbation,-1,nrc
pertussis,-1,nrc
perverse,-1,nrc
perversion,-1,nrc
pervert,-1,nrc
perverted,-1,nrc
pessimism,-1,nrc
pessimist,-1,nrc
pest,-1,nrc
pestilence,-1,nrc
pet,-1,nrc
petroleum,-1,nrc
petty,-1,nrc
phantom,-1,nrc
phlegm,-1,nrc
phony,-1,nrc
picket,-1,nrc
picketing,-1,nrc
pickle,-1,nrc
pig,-1,nrc
pigeon,-1,nrc
piles,-1,nrc
pillage,-1,nrc
pimp,-1,nrc
pimple,-1,nrc
pine,-1,nrc
pinion,-1,nrc
pique,-1,nrc
piracy,-1,nrc
pirate,-1,nrc
pistol,-1,nrc
pitfall,-1,nrc
plagiarism,-1,nrc
plague,-1,nrc
plaintiff,-1,nrc
plated,-1,nrc
player,-1,nrc
plea,-1,nrc
plight,-1,nrc
plodding,-1,nrc
plummet,-1,nrc
plunder,-1,nrc
plunge,-1,nrc
pneumonia,-1,nrc
poaching,-1,nrc
pointless,-1,nrc
poison,-1,nrc
poisoned,-1,nrc
poisoning,-1,nrc
poisonous,-1,nrc
poke,-1,nrc
polemic,-1,nrc
polio,-1,nrc
pollute,-1,nrc
pollution,-1,nrc
polygamy,-1,nrc
pomp,-1,nrc
pompous,-1,nrc
ponderous,-1,nrc
poorly,-1,nrc
pop,-1,nrc
porcupine,-1,nrc
porn,-1,nrc
porno,-1,nrc
pornographic,-1,nrc
pornography,-1,nrc
pose,-1,nrc
possessed,-1,nrc
possession,-1,nrc
posthumous,-1,nrc
postponement,-1,nrc
pound,-1,nrc
poverty,-1,nrc
powerless,-1,nrc
prank,-1,nrc
precarious,-1,nrc
precinct,-1,nrc
predatory,-1,nrc
predicament,-1,nrc
pregnancy,-1,nrc
prejudice,-1,nrc
prejudiced,-1,nrc
prejudicial,-1,nrc
premeditated,-1,nrc
presentment,-1,nrc
pressure,-1,nrc
presumptuous,-1,nrc
pretend,-1,nrc
pretended,-1,nrc
pretending,-1,nrc
pretense,-1,nrc
pretensions,-1,nrc
preventive,-1,nrc
prey,-1,nrc
prick,-1,nrc
prickly,-1,nrc
prison,-1,nrc
prisoner,-1,nrc
privy,-1,nrc
problem,-1,nrc
procrastinate,-1,nrc
procrastination,-1,nrc
prodigal,-1,nrc
profane,-1,nrc
profanity,-1,nrc
profusion,-1,nrc
prohibited,-1,nrc
prohibition,-1,nrc
prolong,-1,nrc
promiscuous,-1,nrc
propaganda,-1,nrc
prosecute,-1,nrc
prosecution,-1,nrc
prostitute,-1,nrc
prostitution,-1,nrc
provocation,-1,nrc
provoking,-1,nrc
pry,-1,nrc
prying,-1,nrc
psychosis,-1,nrc
publicist,-1,nrc
puffy,-1,nrc
punch,-1,nrc
pungent,-1,nrc
punish,-1,nrc
punished,-1,nrc
punishing,-1,nrc
punishment,-1,nrc
punitive,-1,nrc
purgatory,-1,nrc
purge,-1,nrc
pus,-1,nrc
quack,-1,nrc
quagmire,-1,nrc
quail,-1,nrc
quandary,-1,nrc
quarrel,-1,nrc
quash,-1,nrc
quell,-1,nrc
questionable,-1,nrc
quicksilver,-1,nrc
quit,-1,nrc
quiver,-1,nrc
quivering,-1,nrc
quiz,-1,nrc
quote,-1,nrc
rabble,-1,nrc
rabid,-1,nrc
rabies,-1,nrc
rack,-1,nrc
racket,-1,nrc
radiation,-1,nrc
radioactive,-1,nrc
radon,-1,nrc
rage,-1,nrc
raging,-1,nrc
rags,-1,nrc
raid,-1,nrc
rail,-1,nrc
ram,-1,nrc
rambling,-1,nrc
rampage,-1,nrc
rancid,-1,nrc
ransom,-1,nrc
rape,-1,nrc
raptors,-1,nrc
rascal,-1,nrc
rash,-1,nrc
rat,-1,nrc
rating,-1,nrc
raucous,-1,nrc
rave,-1,nrc
ravenous,-1,nrc
raving,-1,nrc
reactionary,-1,nrc
rear,-1,nrc
rebel,-1,nrc
rebuke,-1,nrc
rebut,-1,nrc
recalcitrant,-1,nrc
recession,-1,nrc
recidivism,-1,nrc
reckless,-1,nrc
recklessness,-1,nrc
redundant,-1,nrc
reflux,-1,nrc
refractory,-1,nrc
refusal,-1,nrc
refuse,-1,nrc
refused,-1,nrc
regress,-1,nrc
regression,-1,nrc
regressive,-1,nrc
regret,-1,nrc
regrettable,-1,nrc
regretted,-1,nrc
regretting,-1,nrc
regulatory,-1,nrc
rein,-1,nrc
reject,-1,nrc
rejected,-1,nrc
rejection,-1,nrc
rejects,-1,nrc
rekindle,-1,nrc
relapse,-1,nrc
relegation,-1,nrc
relinquish,-1,nrc
reluctant,-1,nrc
remains,-1,nrc
remand,-1,nrc
remedial,-1,nrc
remiss,-1,nrc
remorse,-1,nrc
removal,-1,nrc
remove,-1,nrc
rencontre,-1,nrc
rend,-1,nrc
renegade,-1,nrc
renounce,-1,nrc
renunciation,-1,nrc
repellant,-1,nrc
repellent,-1,nrc
repelling,-1,nrc
repress,-1,nrc
repression,-1,nrc
reprimand,-1,nrc
reprint,-1,nrc
reprisal,-1,nrc
reproach,-1,nrc
republic,-1,nrc
repudiation,-1,nrc
repulsion,-1,nrc
rescind,-1,nrc
rescission,-1,nrc
resent,-1,nrc
resentful,-1,nrc
resentment,-1,nrc
resign,-1,nrc
resignation,-1,nrc
resigned,-1,nrc
resist,-1,nrc
resistance,-1,nrc
resistant,-1,nrc
resisting,-1,nrc
restrain,-1,nrc
restrict,-1,nrc
restriction,-1,nrc
restrictive,-1,nrc
retaliate,-1,nrc
retaliation,-1,nrc
retaliatory,-1,nrc
retard,-1,nrc
retardation,-1,nrc
reticent,-1,nrc
retirement,-1,nrc
retort,-1,nrc
retract,-1,nrc
retraction,-1,nrc
retrenchment,-1,nrc
retribution,-1,nrc
retrograde,-1,nrc
revenge,-1,nrc
reversal,-1,nrc
revive,-1,nrc
revocation,-1,nrc
revoke,-1,nrc
revolt,-1,nrc
revolting,-1,nrc
revolution,-1,nrc
revolver,-1,nrc
revulsion,-1,nrc
rheumatism,-1,nrc
rickety,-1,nrc
riddled,-1,nrc
ridicule,-1,nrc
ridiculous,-1,nrc
rife,-1,nrc
rifle,-1,nrc
rift,-1,nrc
rigid,-1,nrc
rigidity,-1,nrc
rigor,-1,nrc
rigorous,-1,nrc
ringer,-1,nrc
riot,-1,nrc
riotous,-1,nrc
risk,-1,nrc
risky,-1,nrc
rivalry,-1,nrc
rob,-1,nrc
robber,-1,nrc
robbery,-1,nrc
rogue,-1,nrc
rook,-1,nrc
rot,-1,nrc
rotting,-1,nrc
roughness,-1,nrc
rout,-1,nrc
row,-1,nrc
rowdy,-1,nrc
rubbish,-1,nrc
rubble,-1,nrc
rue,-1,nrc
ruffle,-1,nrc
rugged,-1,nrc
ruin,-1,nrc
ruined,-1,nrc
ruinous,-1,nrc
rumor,-1,nrc
runaway,-1,nrc
rupture,-1,nrc
ruse,-1,nrc
rust,-1,nrc
rusty,-1,nrc
ruthless,-1,nrc
saber,-1,nrc
sabotage,-1,nrc
sacrifices,-1,nrc
sadly,-1,nrc
sadness,-1,nrc
sag,-1,nrc
sap,-1,nrc
sarcasm,-1,nrc
sarcoma,-1,nrc
sardonic,-1,nrc
satanic,-1,nrc
saturated,-1,nrc
savage,-1,nrc
savagery,-1,nrc
scab,-1,nrc
scaffold,-1,nrc
scalpel,-1,nrc
scaly,-1,nrc
scandal,-1,nrc
scandalous,-1,nrc
scanty,-1,nrc
scapegoat,-1,nrc
scar,-1,nrc
scarce,-1,nrc
scarcely,-1,nrc
scarcity,-1,nrc
scare,-1,nrc
scarecrow,-1,nrc
scavenger,-1,nrc
scheme,-1,nrc
schism,-1,nrc
schizophrenia,-1,nrc
sciatica,-1,nrc
scoff,-1,nrc
scold,-1,nrc
scolding,-1,nrc
scorching,-1,nrc
scorn,-1,nrc
scorpion,-1,nrc
scotch,-1,nrc
scoundrel,-1,nrc
scourge,-1,nrc
scrambling,-1,nrc
scrapie,-1,nrc
scream,-1,nrc
screaming,-1,nrc
screech,-1,nrc
screwed,-1,nrc
scrimmage,-1,nrc
scrub,-1,nrc
scrutinize,-1,nrc
scrutiny,-1,nrc
scum,-1,nrc
sear,-1,nrc
secession,-1,nrc
secluded,-1,nrc
seclusion,-1,nrc
secondhand,-1,nrc
secretion,-1,nrc
secretive,-1,nrc
sectarian,-1,nrc
sedition,-1,nrc
seduce,-1,nrc
seduction,-1,nrc
segregate,-1,nrc
segregated,-1,nrc
seize,-1,nrc
selfish,-1,nrc
selfishness,-1,nrc
senile,-1,nrc
senseless,-1,nrc
sensual,-1,nrc
sentence,-1,nrc
separatist,-1,nrc
sepsis,-1,nrc
septic,-1,nrc
sequestration,-1,nrc
serene,-1,nrc
serpent,-1,nrc
servant,-1,nrc
serve,-1,nrc
servile,-1,nrc
servitude,-1,nrc
setback,-1,nrc
sever,-1,nrc
sewage,-1,nrc
sewerage,-1,nrc
shabby,-1,nrc
shack,-1,nrc
shackle,-1,nrc
shady,-1,nrc
shaking,-1,nrc
shaky,-1,nrc
sham,-1,nrc
shambles,-1,nrc
shame,-1,nrc
shameful,-1,nrc
shameless,-1,nrc
shanghai,-1,nrc
shark,-1,nrc
shatter,-1,nrc
shattered,-1,nrc
shed,-1,nrc
shell,-1,nrc
shelved,-1,nrc
shipwreck,-1,nrc
shit,-1,nrc
shiver,-1,nrc
shock,-1,nrc
shoddy,-1,nrc
shoot,-1,nrc
shooting,-1,nrc
shoplifting,-1,nrc
shortage,-1,nrc
shortcoming,-1,nrc
shot,-1,nrc
shove,-1,nrc
showy,-1,nrc
shriek,-1,nrc
shrill,-1,nrc
shrink,-1,nrc
shrunk,-1,nrc
shudder,-1,nrc
shun,-1,nrc
sick,-1,nrc
sickening,-1,nrc
sickly,-1,nrc
sickness,-1,nrc
silly,-1,nrc
sin,-1,nrc
sinful,-1,nrc
sinister,-1,nrc
sinner,-1,nrc
sinning,-1,nrc
siren,-1,nrc
sissy,-1,nrc
skeptical,-1,nrc
sketchy,-1,nrc
skewed,-1,nrc
skid,-1,nrc
skip,-1,nrc
skirmish,-1,nrc
slack,-1,nrc
slag,-1,nrc
slam,-1,nrc
slander,-1,nrc
slanderous,-1,nrc
slap,-1,nrc
slaughter,-1,nrc
slaughterhouse,-1,nrc
slaughtering,-1,nrc
slave,-1,nrc
slavery,-1,nrc
slay,-1,nrc
slayer,-1,nrc
sleet,-1,nrc
slimy,-1,nrc
slink,-1,nrc
slip,-1,nrc
slop,-1,nrc
sloppy,-1,nrc
sloth,-1,nrc
slouch,-1,nrc
slough,-1,nrc
slowness,-1,nrc
sludge,-1,nrc
slug,-1,nrc
sluggish,-1,nrc
slum,-1,nrc
slump,-1,nrc
slur,-1,nrc
slush,-1,nrc
slut,-1,nrc
sly,-1,nrc
smack,-1,nrc
small,-1,nrc
smash,-1,nrc
smashed,-1,nrc
smattering,-1,nrc
smell,-1,nrc
smelling,-1,nrc
smirk,-1,nrc
smite,-1,nrc
smoker,-1,nrc
smother,-1,nrc
smudge,-1,nrc
smug,-1,nrc
smuggle,-1,nrc
smuggler,-1,nrc
smuggling,-1,nrc
smut,-1,nrc
snag,-1,nrc
snags,-1,nrc
snake,-1,nrc
snare,-1,nrc
snarl,-1,nrc
snarling,-1,nrc
sneak,-1,nrc
sneaking,-1,nrc
sneer,-1,nrc
sneeze,-1,nrc
snide,-1,nrc
snob,-1,nrc
soak,-1,nrc
sob,-1,nrc
socialist,-1,nrc
soil,-1,nrc
soiled,-1,nrc
somatic,-1,nrc
somber,-1,nrc
soot,-1,nrc
sorcery,-1,nrc
sordid,-1,nrc
sore,-1,nrc
sorely,-1,nrc
soreness,-1,nrc
sorrow,-1,nrc
sorrowful,-1,nrc
sortie,-1,nrc
soulless,-1,nrc
soulmate,-1,nrc
sour,-1,nrc
spank,-1,nrc
spasm,-1,nrc
spat,-1,nrc
spear,-1,nrc
speck,-1,nrc
spectacle,-1,nrc
specter,-1,nrc
spectral,-1,nrc
speculation,-1,nrc
spent,-1,nrc
spine,-1,nrc
spinster,-1,nrc
spite,-1,nrc
spiteful,-1,nrc
splinter,-1,nrc
split,-1,nrc
splitting,-1,nrc
spoil,-1,nrc
spoiler,-1,nrc
spoke,-1,nrc
sponge,-1,nrc
spook,-1,nrc
sprain,-1,nrc
spree,-1,nrc
sprite,-1,nrc
spurious,-1,nrc
squall,-1,nrc
squatter,-1,nrc
squeamish,-1,nrc
squelch,-1,nrc
squirm,-1,nrc
stab,-1,nrc
staggering,-1,nrc
stagnant,-1,nrc
stain,-1,nrc
stale,-1,nrc
stalk,-1,nrc
standoff,-1,nrc
standstill,-1,nrc
staring,-1,nrc
stark,-1,nrc
startle,-1,nrc
starvation,-1,nrc
starved,-1,nrc
starving,-1,nrc
stationary,-1,nrc
stave,-1,nrc
steal,-1,nrc
stealing,-1,nrc
stealthy,-1,nrc
stereotype,-1,nrc
stereotyped,-1,nrc
sterile,-1,nrc
sterility,-1,nrc
sterling,-1,nrc
stern,-1,nrc
stiff,-1,nrc
stiffness,-1,nrc
stifle,-1,nrc
stifled,-1,nrc
stigma,-1,nrc
stillborn,-1,nrc
sting,-1,nrc
stinging,-1,nrc
stingy,-1,nrc
stink,-1,nrc
stinking,-1,nrc
stint,-1,nrc
stocks,-1,nrc
stolen,-1,nrc
stone,-1,nrc
stoned,-1,nrc
stools,-1,nrc
stoppage,-1,nrc
storm,-1,nrc
stormy,-1,nrc
strained,-1,nrc
straits,-1,nrc
stranded,-1,nrc
stranger,-1,nrc
strangle,-1,nrc
stray,-1,nrc
stress,-1,nrc
strife,-1,nrc
strike,-1,nrc
strip,-1,nrc
stripe,-1,nrc
stripped,-1,nrc
stroke,-1,nrc
struggle,-1,nrc
strut,-1,nrc
stuffy,-1,nrc
stumble,-1,nrc
stunned,-1,nrc
stunted,-1,nrc
stupid,-1,nrc
stupidity,-1,nrc
stupor,-1,nrc
sty,-1,nrc
subdue,-1,nrc
subject,-1,nrc
subjected,-1,nrc
subjection,-1,nrc
subjugation,-1,nrc
subordinate,-1,nrc
subpoena,-1,nrc
subsidence,-1,nrc
subsidy,-1,nrc
subsist,-1,nrc
subtract,-1,nrc
subversion,-1,nrc
subversive,-1,nrc
subvert,-1,nrc
succulent,-1,nrc
succumb,-1,nrc
suck,-1,nrc
sucker,-1,nrc
sue,-1,nrc
suffer,-1,nrc
sufferer,-1,nrc
suffering,-1,nrc
suffocating,-1,nrc
suffocation,-1,nrc
suicidal,-1,nrc
suicide,-1,nrc
sullen,-1,nrc
summons,-1,nrc
sunk,-1,nrc
superficial,-1,nrc
superfluous,-1,nrc
superstition,-1,nrc
superstitious,-1,nrc
suppress,-1,nrc
suppression,-1,nrc
supremacy,-1,nrc
surcharge,-1,nrc
surly,-1,nrc
surrender,-1,nrc
surrendering,-1,nrc
surround,-1,nrc
susceptible,-1,nrc
suspect,-1,nrc
suspension,-1,nrc
suspicion,-1,nrc
suspicious,-1,nrc
swab,-1,nrc
swamp,-1,nrc
swampy,-1,nrc
swastika,-1,nrc
swelling,-1,nrc
swig,-1,nrc
swine,-1,nrc
swollen,-1,nrc
symptom,-1,nrc
syncope,-1,nrc
synonymous,-1,nrc
taboo,-1,nrc
taint,-1,nrc
talons,-1,nrc
tangled,-1,nrc
tantalizing,-1,nrc
tardiness,-1,nrc
tardy,-1,nrc
tariff,-1,nrc
tarnish,-1,nrc
tarry,-1,nrc
tasteless,-1,nrc
taunt,-1,nrc
tax,-1,nrc
tease,-1,nrc
teasing,-1,nrc
tedious,-1,nrc
tedium,-1,nrc
teens,-1,nrc
tempest,-1,nrc
temptation,-1,nrc
tenement,-1,nrc
terminal,-1,nrc
termination,-1,nrc
termite,-1,nrc
terrible,-1,nrc
terror,-1,nrc
terrorism,-1,nrc
terrorist,-1,nrc
terrorize,-1,nrc
tetanus,-1,nrc
tether,-1,nrc
theft,-1,nrc
theism,-1,nrc
theocratic,-1,nrc
thief,-1,nrc
thirsty,-1,nrc
thorn,-1,nrc
thorny,-1,nrc
thoughtless,-1,nrc
thrash,-1,nrc
threat,-1,nrc
threaten,-1,nrc
threatening,-1,nrc
thresh,-1,nrc
throb,-1,nrc
throttle,-1,nrc
thug,-1,nrc
thump,-1,nrc
thundering,-1,nrc
thwart,-1,nrc
tiff,-1,nrc
timid,-1,nrc
timidity,-1,nrc
tipsy,-1,nrc
tirade,-1,nrc
tired,-1,nrc
tiredness,-1,nrc
tiresome,-1,nrc
tit,-1,nrc
toad,-1,nrc
tobacco,-1,nrc
toilet,-1,nrc
toils,-1,nrc
tolerate,-1,nrc
toothache,-1,nrc
torment,-1,nrc
torn,-1,nrc
torpedo,-1,nrc
torrid,-1,nrc
tort,-1,nrc
tortious,-1,nrc
torture,-1,nrc
touched,-1,nrc
touchy,-1,nrc
tough,-1,nrc
toxic,-1,nrc
toxin,-1,nrc
tragedy,-1,nrc
tragic,-1,nrc
traitor,-1,nrc
tramp,-1,nrc
trance,-1,nrc
transgression,-1,nrc
trappings,-1,nrc
traps,-1,nrc
trash,-1,nrc
trashy,-1,nrc
traumatic,-1,nrc
travail,-1,nrc
travesty,-1,nrc
treacherous,-1,nrc
treachery,-1,nrc
treason,-1,nrc
treat,-1,nrc
trembling,-1,nrc
tremor,-1,nrc
trepidation,-1,nrc
trespass,-1,nrc
tribulation,-1,nrc
tribunal,-1,nrc
trick,-1,nrc
trickery,-1,nrc
trifle,-1,nrc
tripping,-1,nrc
troll,-1,nrc
troublesome,-1,nrc
trumpet,-1,nrc
tumble,-1,nrc
tumor,-1,nrc
tumour,-1,nrc
tumult,-1,nrc
tumultuous,-1,nrc
turbulence,-1,nrc
turbulent,-1,nrc
turmoil,-1,nrc
twitch,-1,nrc
typhoon,-1,nrc
tyrannical,-1,nrc
tyranny,-1,nrc
tyrant,-1,nrc
ugliness,-1,nrc
ugly,-1,nrc
ulcer,-1,nrc
ulterior,-1,nrc
ultimatum,-1,nrc
unable,-1,nrc
unacceptable,-1,nrc
unaccountable,-1,nrc
unapproved,-1,nrc
unattached,-1,nrc
unattainable,-1,nrc
unattractive,-1,nrc
unauthorized,-1,nrc
unavoidable,-1,nrc
unaware,-1,nrc
unbearable,-1,nrc
unbeaten,-1,nrc
unbelief,-1,nrc
unbelievable,-1,nrc
unborn,-1,nrc
unbridled,-1,nrc
uncanny,-1,nrc
uncaring,-1,nrc
uncertain,-1,nrc
unchangeable,-1,nrc
unclean,-1,nrc
uncomfortable,-1,nrc
unconscionable,-1,nrc
unconscious,-1,nrc
unconstitutional,-1,nrc
uncontrollable,-1,nrc
uncontrolled,-1,nrc
undecided,-1,nrc
undermined,-1,nrc
underpaid,-1,nrc
undersized,-1,nrc
undesirable,-1,nrc
undesired,-1,nrc
undo,-1,nrc
uneasiness,-1,nrc
uneasy,-1,nrc
uneducated,-1,nrc
unemployed,-1,nrc
unequal,-1,nrc
uneven,-1,nrc
unexpected,-1,nrc
unexplained,-1,nrc
unfair,-1,nrc
unfairness,-1,nrc
unfaithful,-1,nrc
unfavorable,-1,nrc
unfinished,-1,nrc
unforgiving,-1,nrc
unfortunate,-1,nrc
unfriendly,-1,nrc
unfulfilled,-1,nrc
unfurnished,-1,nrc
ungodly,-1,nrc
ungrateful,-1,nrc
unhappiness,-1,nrc
unhappy,-1,nrc
unhealthy,-1,nrc
unholy,-1,nrc
unimaginable,-1,nrc
unimportant,-1,nrc
unimpressed,-1,nrc
unimproved,-1,nrc
uninformed,-1,nrc
uninitiated,-1,nrc
uninspired,-1,nrc
unintelligible,-1,nrc
unintentionally,-1,nrc
uninterested,-1,nrc
uninteresting,-1,nrc
unjust,-1,nrc
unjustifiable,-1,nrc
unjustified,-1,nrc
unkind,-1,nrc
unknown,-1,nrc
unlawful,-1,nrc
unlicensed,-1,nrc
unlucky,-1,nrc
unmanageable,-1,nrc
unnatural,-1,nrc
unofficial,-1,nrc
unpaid,-1,nrc
unpleasant,-1,nrc
unpopular,-1,nrc
unpredictable,-1,nrc
unprepared,-1,nrc
unproductive,-1,nrc
unprofitable,-1,nrc
unprotected,-1,nrc
unpublished,-1,nrc
unreliable,-1,nrc
unrequited,-1,nrc
unruly,-1,nrc
unsafe,-1,nrc
unsatisfactory,-1,nrc
unsatisfied,-1,nrc
unsavory,-1,nrc
unscrupulous,-1,nrc
unsettled,-1,nrc
unsightly,-1,nrc
unsophisticated,-1,nrc
unspeakable,-1,nrc
unstable,-1,nrc
unsuccessful,-1,nrc
unsuitable,-1,nrc
unsung,-1,nrc
unsupported,-1,nrc
unsustainable,-1,nrc
unsympathetic,-1,nrc
untamed,-1,nrc
untenable,-1,nrc
unthinkable,-1,nrc
untidy,-1,nrc
untie,-1,nrc
untimely,-1,nrc
untitled,-1,nrc
untold,-1,nrc
untoward,-1,nrc
untrained,-1,nrc
untrue,-1,nrc
untrustworthy,-1,nrc
unwarranted,-1,nrc
unwashed,-1,nrc
unwelcome,-1,nrc
unwell,-1,nrc
unwillingness,-1,nrc
unwise,-1,nrc
unwitting,-1,nrc
unworthy,-1,nrc
unyielding,-1,nrc
upheaval,-1,nrc
uphill,-1,nrc
uprising,-1,nrc
uproar,-1,nrc
upset,-1,nrc
urchin,-1,nrc
urgent,-1,nrc
useless,-1,nrc
usurp,-1,nrc
usurped,-1,nrc
usury,-1,nrc
vacancy,-1,nrc
vacuous,-1,nrc
vague,-1,nrc
vagueness,-1,nrc
vainly,-1,nrc
vampire,-1,nrc
vanished,-1,nrc
vanity,-1,nrc
varicella,-1,nrc
varicose,-1,nrc
vegetative,-1,nrc
vehement,-1,nrc
vendetta,-1,nrc
vengeance,-1,nrc
vengeful,-1,nrc
venom,-1,nrc
venomous,-1,nrc
verbosity,-1,nrc
verge,-1,nrc
vermin,-1,nrc
versus,-1,nrc
vertigo,-1,nrc
veto,-1,nrc
vice,-1,nrc
vicious,-1,nrc
victim,-1,nrc
victimized,-1,nrc
villain,-1,nrc
villainous,-1,nrc
vindictive,-1,nrc
violation,-1,nrc
violence,-1,nrc
violent,-1,nrc
violently,-1,nrc
viper,-1,nrc
virulence,-1,nrc
virus,-1,nrc
visitation,-1,nrc
vixen,-1,nrc
volatility,-1,nrc
volcano,-1,nrc
vomiting,-1,nrc
voodoo,-1,nrc
vote,-1,nrc
vulgar,-1,nrc
vulgarity,-1,nrc
vulnerability,-1,nrc
vulture,-1,nrc
waffle,-1,nrc
wail,-1,nrc
wait,-1,nrc
wallow,-1,nrc
wan,-1,nrc
wane,-1,nrc
wanting,-1,nrc
war,-1,nrc
warden,-1,nrc
ware,-1,nrc
warfare,-1,nrc
warlike,-1,nrc
warn,-1,nrc
warp,-1,nrc
warped,-1,nrc
wart,-1,nrc
waste,-1,nrc
wasted,-1,nrc
wasteful,-1,nrc
wasting,-1,nrc
watery,-1,nrc
waver,-1,nrc
weakened,-1,nrc
weakly,-1,nrc
weakness,-1,nrc
wear,-1,nrc
wearily,-1,nrc
weariness,-1,nrc
weary,-1,nrc
weeds,-1,nrc
weep,-1,nrc
weight,-1,nrc
weird,-1,nrc
weirdo,-1,nrc
wen,-1,nrc
wench,-1,nrc
whack,-1,nrc
whim,-1,nrc
whine,-1,nrc
whip,-1,nrc
whirlwind,-1,nrc
whisky,-1,nrc
whore,-1,nrc
wicked,-1,nrc
wickedness,-1,nrc
wild,-1,nrc
wildcat,-1,nrc
wildfire,-1,nrc
willful,-1,nrc
wimp,-1,nrc
wimpy,-1,nrc
wince,-1,nrc
witch,-1,nrc
witchcraft,-1,nrc
withdraw,-1,nrc
wither,-1,nrc
withered,-1,nrc
woe,-1,nrc
woeful,-1,nrc
woefully,-1,nrc
words,-1,nrc
worm,-1,nrc
worn,-1,nrc
worried,-1,nrc
worry,-1,nrc
worrying,-1,nrc
worse,-1,nrc
worsening,-1,nrc
worthless,-1,nrc
wound,-1,nrc
wrangling,-1,nrc
wrath,-1,nrc
wreak,-1,nrc
wreck,-1,nrc
wrecked,-1,nrc
wrench,-1,nrc
wrestling,-1,nrc
wretch,-1,nrc
wretched,-1,nrc
wrong,-1,nrc
wrongdoing,-1,nrc
wrongful,-1,nrc
wrongly,-1,nrc
wrought,-1,nrc
wry,-1,nrc
xenophobia,-1,nrc
yawn,-1,nrc
yawning,-1,nrc
yearning,-1,nrc
yell,-1,nrc
yellows,-1,nrc
yelp,-1,nrc
zip,-1,nrc
abba,1,nrc
ability,1,nrc
abovementioned,1,nrc
absolute,1,nrc
absolution,1,nrc
absorbed,1,nrc
abundance,1,nrc
abundant,1,nrc
academic,1,nrc
academy,1,nrc
acceptable,1,nrc
acceptance,1,nrc
accessible,1,nrc
accolade,1,nrc
accommodation,1,nrc
accompaniment,1,nrc
accomplish,1,nrc
accomplished,1,nrc
accomplishment,1,nrc
accord,1,nrc
accountability,1,nrc
accountable,1,nrc
accredited,1,nrc
accueil,1,nrc
accurate,1,nrc
ace,1,nrc
achieve,1,nrc
achievement,1,nrc
acknowledgment,1,nrc
acquire,1,nrc
acquiring,1,nrc
acrobat,1,nrc
action,1,nrc
actual,1,nrc
acuity,1,nrc
acumen,1,nrc
adapt,1,nrc
adaptable,1,nrc
addresses,1,nrc
adept,1,nrc
adequacy,1,nrc
adjunct,1,nrc
admirable,1,nrc
admiral,1,nrc
admiration,1,nrc
admire,1,nrc
admirer,1,nrc
admissible,1,nrc
adorable,1,nrc
adoration,1,nrc
adore,1,nrc
advance,1,nrc
advanced,1,nrc
advancement,1,nrc
advantage,1,nrc
advantageous,1,nrc
advent,1,nrc
adventure,1,nrc
adventurous,1,nrc
advisable,1,nrc
advise,1,nrc
adviser,1,nrc
advocacy,1,nrc
aesthetic,1,nrc
aesthetics,1,nrc
affable,1,nrc
affection,1,nrc
affiliated,1,nrc
affirm,1,nrc
affirmation,1,nrc
affirmative,1,nrc
affirmatively,1,nrc
affluence,1,nrc
affluent,1,nrc
afford,1,nrc
aga,1,nrc
agile,1,nrc
agility,1,nrc
agree,1,nrc
agreeable,1,nrc
agreed,1,nrc
agreeing,1,nrc
agreement,1,nrc
agriculture,1,nrc
ahead,1,nrc
aid,1,nrc
aiding,1,nrc
alabaster,1,nrc
alertness,1,nrc
alimentation,1,nrc
alive,1,nrc
allay,1,nrc
allegiance,1,nrc
allegro,1,nrc
alleviate,1,nrc
alleviation,1,nrc
allied,1,nrc
allowable,1,nrc
allure,1,nrc
alluring,1,nrc
ally,1,nrc
almighty,1,nrc
aloha,1,nrc
amazingly,1,nrc
ambassador,1,nrc
ambition,1,nrc
ameliorate,1,nrc
amen,1,nrc
amenable,1,nrc
amend,1,nrc
amends,1,nrc
amenity,1,nrc
amiable,1,nrc
amicable,1,nrc
amnesty,1,nrc
amour,1,nrc
amuse,1,nrc
amused,1,nrc
amusement,1,nrc
amusing,1,nrc
analyst,1,nrc
anchor,1,nrc
anchorage,1,nrc
angel,1,nrc
angelic,1,nrc
animate,1,nrc
animated,1,nrc
antibiotics,1,nrc
antidote,1,nrc
antifungal,1,nrc
antique,1,nrc
antiseptic,1,nrc
aplomb,1,nrc
apologetic,1,nrc
apologize,1,nrc
apology,1,nrc
apostle,1,nrc
applause,1,nrc
appreciation,1,nrc
approbation,1,nrc
approval,1,nrc
approve,1,nrc
approving,1,nrc
apt,1,nrc
aptitude,1,nrc
archaeology,1,nrc
ardent,1,nrc
ardor,1,nrc
aristocracy,1,nrc
aristocratic,1,nrc
armed,1,nrc
armor,1,nrc
aroma,1,nrc
arouse,1,nrc
array,1,nrc
art,1,nrc
articulate,1,nrc
articulation,1,nrc
artisan,1,nrc
artiste,1,nrc
artistic,1,nrc
ascendancy,1,nrc
ascent,1,nrc
aspiration,1,nrc
aspire,1,nrc
aspiring,1,nrc
assembly,1,nrc
assent,1,nrc
asserting,1,nrc
assets,1,nrc
assist,1,nrc
assistance,1,nrc
associate,1,nrc
assuage,1,nrc
assurance,1,nrc
assured,1,nrc
astonishingly,1,nrc
astonishment,1,nrc
astrologer,1,nrc
astronaut,1,nrc
astronomer,1,nrc
astute,1,nrc
athlete,1,nrc
athletic,1,nrc
atom,1,nrc
atone,1,nrc
atonement,1,nrc
attachment,1,nrc
attainable,1,nrc
attainment,1,nrc
attendant,1,nrc
attention,1,nrc
attentive,1,nrc
attest,1,nrc
attorney,1,nrc
attraction,1,nrc
attractiveness,1,nrc
augment,1,nrc
august,1,nrc
aunt,1,nrc
aura,1,nrc
auspicious,1,nrc
authentic,1,nrc
authenticity,1,nrc
author,1,nrc
authoritative,1,nrc
authority,1,nrc
authorization,1,nrc
authorized,1,nrc
avatar,1,nrc
award,1,nrc
ay,1,nrc
aye,1,nrc
baby,1,nrc
baccalaureate,1,nrc
backbone,1,nrc
balance,1,nrc
balanced,1,nrc
ballad,1,nrc
ballet,1,nrc
ballot,1,nrc
balm,1,nrc
balsam,1,nrc
banquet,1,nrc
baptism,1,nrc
baptismal,1,nrc
bard,1,nrc
bargain,1,nrc
basketball,1,nrc
bastion,1,nrc
bath,1,nrc
beam,1,nrc
beaming,1,nrc
beautification,1,nrc
beautiful,1,nrc
beautify,1,nrc
beauty,1,nrc
bedrock,1,nrc
beer,1,nrc
befitting,1,nrc
befriend,1,nrc
believing,1,nrc
benefactor,1,nrc
beneficial,1,nrc
benefit,1,nrc
benevolence,1,nrc
benign,1,nrc
berth,1,nrc
betrothed,1,nrc
betterment,1,nrc
beverage,1,nrc
biblical,1,nrc
bilingual,1,nrc
birth,1,nrc
birthday,1,nrc
blameless,1,nrc
bless,1,nrc
blessed,1,nrc
blessing,1,nrc
blessings,1,nrc
bliss,1,nrc
blissful,1,nrc
bloodless,1,nrc
bloom,1,nrc
blossom,1,nrc
boast,1,nrc
bodyguard,1,nrc
boisterous,1,nrc
bold,1,nrc
boldness,1,nrc
bolster,1,nrc
bonanza,1,nrc
bonne,1,nrc
bonus,1,nrc
bookish,1,nrc
bookshop,1,nrc
bookworm,1,nrc
boon,1,nrc
bountiful,1,nrc
bounty,1,nrc
bouquet,1,nrc
brains,1,nrc
bravery,1,nrc
breakfast,1,nrc
bridal,1,nrc
bride,1,nrc
bridegroom,1,nrc
bridesmaid,1,nrc
brighten,1,nrc
brightness,1,nrc
brilliant,1,nrc
brocade,1,nrc
brother,1,nrc
brotherhood,1,nrc
brotherly,1,nrc
buck,1,nrc
buddy,1,nrc
build,1,nrc
building,1,nrc
bulldog,1,nrc
bulletproof,1,nrc
buoy,1,nrc
buss,1,nrc
butler,1,nrc
buttery,1,nrc
buxom,1,nrc
buzz,1,nrc
cab,1,nrc
cabinet,1,nrc
cafe,1,nrc
calculator,1,nrc
calf,1,nrc
calm,1,nrc
canary,1,nrc
candid,1,nrc
candidate,1,nrc
candied,1,nrc
capitalist,1,nrc
captain,1,nrc
captivate,1,nrc
captivating,1,nrc
career,1,nrc
careful,1,nrc
carefully,1,nrc
caress,1,nrc
caretaker,1,nrc
carol,1,nrc
cascade,1,nrc
cash,1,nrc
categorical,1,nrc
cater,1,nrc
cathartic,1,nrc
cathedral,1,nrc
cautious,1,nrc
cautiously,1,nrc
celebrated,1,nrc
celebrating,1,nrc
celebration,1,nrc
celebrity,1,nrc
celestial,1,nrc
center,1,nrc
centurion,1,nrc
cerebral,1,nrc
ceremony,1,nrc
certainty,1,nrc
chairman,1,nrc
chairwoman,1,nrc
champion,1,nrc
chant,1,nrc
charger,1,nrc
charitable,1,nrc
charity,1,nrc
charm,1,nrc
charmed,1,nrc
charming,1,nrc
chastity,1,nrc
chattering,1,nrc
checklist,1,nrc
cheer,1,nrc
cheerful,1,nrc
cheerfulness,1,nrc
cheering,1,nrc
cheery,1,nrc
chemist,1,nrc
cherish,1,nrc
cherry,1,nrc
chieftain,1,nrc
child,1,nrc
childhood,1,nrc
chirp,1,nrc
chisel,1,nrc
chivalry,1,nrc
chocolate,1,nrc
choice,1,nrc
choir,1,nrc
choral,1,nrc
chorus,1,nrc
chosen,1,nrc
chowder,1,nrc
chronicle,1,nrc
chuckle,1,nrc
church,1,nrc
cider,1,nrc
circumcision,1,nrc
circumvention,1,nrc
citizen,1,nrc
civil,1,nrc
civility,1,nrc
civilization,1,nrc
civilized,1,nrc
clairvoyant,1,nrc
clap,1,nrc
clarify,1,nrc
classic,1,nrc
classical,1,nrc
classics,1,nrc
classify,1,nrc
clean,1,nrc
cleaning,1,nrc
cleanliness,1,nrc
cleanly,1,nrc
cleanse,1,nrc
cleansing,1,nrc
clearance,1,nrc
clearness,1,nrc
clerical,1,nrc
clever,1,nrc
cleverness,1,nrc
climax,1,nrc
closeness,1,nrc
closure,1,nrc
clothe,1,nrc
clown,1,nrc
coalition,1,nrc
coast,1,nrc
coexist,1,nrc
cogent,1,nrc
cognitive,1,nrc
coherence,1,nrc
coherent,1,nrc
cohesive,1,nrc
collectively,1,nrc
colonel,1,nrc
colossal,1,nrc
comfort,1,nrc
commandant,1,nrc
commanding,1,nrc
commemorate,1,nrc
commemoration,1,nrc
commemorative,1,nrc
commend,1,nrc
commendable,1,nrc
commentator,1,nrc
committed,1,nrc
commodore,1,nrc
commonwealth,1,nrc
communicate,1,nrc
communicative,1,nrc
communion,1,nrc
community,1,nrc
commutation,1,nrc
commute,1,nrc
companion,1,nrc
compassion,1,nrc
compassionate,1,nrc
compatibility,1,nrc
compatible,1,nrc
compelling,1,nrc
compensate,1,nrc
compensatory,1,nrc
competence,1,nrc
competency,1,nrc
competent,1,nrc
complacency,1,nrc
complement,1,nrc
complementary,1,nrc
completely,1,nrc
completeness,1,nrc
completing,1,nrc
completion,1,nrc
compliance,1,nrc
compliant,1,nrc
complicity,1,nrc
compliment,1,nrc
composed,1,nrc
composer,1,nrc
composure,1,nrc
comprehend,1,nrc
comprehensive,1,nrc
comrade,1,nrc
concentric,1,nrc
conciliation,1,nrc
concluding,1,nrc
concord,1,nrc
concordance,1,nrc
condolence,1,nrc
condone,1,nrc
conducive,1,nrc
conductivity,1,nrc
confederate,1,nrc
confess,1,nrc
confidence,1,nrc
confident,1,nrc
confirmed,1,nrc
conformance,1,nrc
congenial,1,nrc
congratulatory,1,nrc
congregation,1,nrc
congruence,1,nrc
connoisseur,1,nrc
conscience,1,nrc
conscientious,1,nrc
consciousness,1,nrc
consecration,1,nrc
conservation,1,nrc
conserve,1,nrc
considerable,1,nrc
considerate,1,nrc
consistency,1,nrc
console,1,nrc
consonant,1,nrc
constancy,1,nrc
constant,1,nrc
constitutional,1,nrc
construct,1,nrc
consummate,1,nrc
contact,1,nrc
contemplation,1,nrc
content,1,nrc
continue,1,nrc
contour,1,nrc
contribute,1,nrc
contributor,1,nrc
convenience,1,nrc
convenient,1,nrc
convent,1,nrc
convention,1,nrc
conversant,1,nrc
conversational,1,nrc
convert,1,nrc
convince,1,nrc
cool,1,nrc
coolness,1,nrc
cooperate,1,nrc
cooperating,1,nrc
cooperation,1,nrc
cooperative,1,nrc
core,1,nrc
coronation,1,nrc
corporation,1,nrc
corporeal,1,nrc
corrective,1,nrc
correspondence,1,nrc
corroborate,1,nrc
cosmopolitan,1,nrc
cosy,1,nrc
council,1,nrc
counsel,1,nrc
counselor,1,nrc
count,1,nrc
countess,1,nrc
courage,1,nrc
courageous,1,nrc
courteous,1,nrc
courtesy,1,nrc
courtship,1,nrc
cove,1,nrc
covenant,1,nrc
cradle,1,nrc
craft,1,nrc
craftsman,1,nrc
cream,1,nrc
create,1,nrc
creative,1,nrc
credence,1,nrc
credential,1,nrc
credibility,1,nrc
credible,1,nrc
credit,1,nrc
creditable,1,nrc
credited,1,nrc
crescendo,1,nrc
critique,1,nrc
crowning,1,nrc
crucial,1,nrc
crystal,1,nrc
cuddle,1,nrc
culinary,1,nrc
culmination,1,nrc
cultivate,1,nrc
cultivated,1,nrc
cultivation,1,nrc
culture,1,nrc
cunning,1,nrc
curable,1,nrc
curiosity,1,nrc
curl,1,nrc
cushion,1,nrc
customer,1,nrc
cute,1,nrc
cutters,1,nrc
dame,1,nrc
dance,1,nrc
daring,1,nrc
darling,1,nrc
dashing,1,nrc
daughter,1,nrc
dawn,1,nrc
deal,1,nrc
dear,1,nrc
debate,1,nrc
decency,1,nrc
decent,1,nrc
declaratory,1,nrc
dedication,1,nrc
defend,1,nrc
defended,1,nrc
defender,1,nrc
defending,1,nrc
defense,1,nrc
deference,1,nrc
definitive,1,nrc
degree,1,nrc
delectable,1,nrc
delegate,1,nrc
deliberate,1,nrc
delicious,1,nrc
delight,1,nrc
delighted,1,nrc
delightful,1,nrc
deliverance,1,nrc
delivery,1,nrc
democracy,1,nrc
demonstrable,1,nrc
demonstrative,1,nrc
dependent,1,nrc
depth,1,nrc
descriptive,1,nrc
deserve,1,nrc
deserved,1,nrc
designer,1,nrc
desirable,1,nrc
desiring,1,nrc
desirous,1,nrc
destination,1,nrc
detect,1,nrc
detection,1,nrc
determination,1,nrc
determined,1,nrc
develop,1,nrc
devotional,1,nrc
devout,1,nrc
dexterity,1,nrc
diamond,1,nrc
diary,1,nrc
dictionary,1,nrc
didactic,1,nrc
dietary,1,nrc
dignified,1,nrc
dignity,1,nrc
diligence,1,nrc
dinner,1,nrc
diplomacy,1,nrc
diplomatic,1,nrc
director,1,nrc
discovery,1,nrc
discreet,1,nrc
discretion,1,nrc
discretionary,1,nrc
discussion,1,nrc
disinfection,1,nrc
disposed,1,nrc
disseminate,1,nrc
distillation,1,nrc
distinction,1,nrc
ditty,1,nrc
diverse,1,nrc
diversified,1,nrc
diversion,1,nrc
divinity,1,nrc
doctor,1,nrc
doer,1,nrc
dogged,1,nrc
dolphin,1,nrc
dominate,1,nrc
don,1,nrc
donation,1,nrc
doubtless,1,nrc
dove,1,nrc
downy,1,nrc
duet,1,nrc
duke,1,nrc
durability,1,nrc
durable,1,nrc
dutiful,1,nrc
eager,1,nrc
eagerness,1,nrc
earl,1,nrc
earn,1,nrc
earnest,1,nrc
earnestly,1,nrc
earnestness,1,nrc
ease,1,nrc
easement,1,nrc
easygoing,1,nrc
eat,1,nrc
ecstasy,1,nrc
ecstatic,1,nrc
edification,1,nrc
educate,1,nrc
educated,1,nrc
educational,1,nrc
effective,1,nrc
efficacy,1,nrc
efficiency,1,nrc
efficient,1,nrc
effort,1,nrc
ejaculation,1,nrc
elaboration,1,nrc
elated,1,nrc
elder,1,nrc
elders,1,nrc
elect,1,nrc
electric,1,nrc
electricity,1,nrc
elegance,1,nrc
elegant,1,nrc
elevation,1,nrc
eligible,1,nrc
elite,1,nrc
eloquence,1,nrc
eloquent,1,nrc
elucidate,1,nrc
emancipation,1,nrc
embrace,1,nrc
emeritus,1,nrc
eminence,1,nrc
eminent,1,nrc
eminently,1,nrc
emir,1,nrc
empathy,1,nrc
empower,1,nrc
emulate,1,nrc
enable,1,nrc
enablement,1,nrc
enchant,1,nrc
enchanted,1,nrc
enchanting,1,nrc
encore,1,nrc
encourage,1,nrc
encouragement,1,nrc
encyclopedia,1,nrc
endeavor,1,nrc
endless,1,nrc
endow,1,nrc
endowed,1,nrc
endowment,1,nrc
endurance,1,nrc
endure,1,nrc
energetic,1,nrc
enforce,1,nrc
engaged,1,nrc
engaging,1,nrc
enhance,1,nrc
enjoy,1,nrc
enjoying,1,nrc
enlighten,1,nrc
enlightenment,1,nrc
enliven,1,nrc
enrich,1,nrc
ensemble,1,nrc
ensign,1,nrc
enterprising,1,nrc
entertain,1,nrc
entertained,1,nrc
entertaining,1,nrc
entertainment,1,nrc
enthusiasm,1,nrc
enthusiast,1,nrc
environ,1,nrc
ephemeris,1,nrc
epic,1,nrc
epitome,1,nrc
equality,1,nrc
equally,1,nrc
equilibrium,1,nrc
equity,1,nrc
erotic,1,nrc
errand,1,nrc
erudite,1,nrc
escape,1,nrc
esprit,1,nrc
essential,1,nrc
established,1,nrc
esteem,1,nrc
esthetic,1,nrc
ethical,1,nrc
ethics,1,nrc
evergreen,1,nrc
everlasting,1,nrc
evident,1,nrc
evolution,1,nrc
exalt,1,nrc
exaltation,1,nrc
exalted,1,nrc
exceed,1,nrc
excel,1,nrc
excellence,1,nrc
excellent,1,nrc
exchange,1,nrc
excitable,1,nrc
excitation,1,nrc
excite,1,nrc
excited,1,nrc
excitement,1,nrc
exciting,1,nrc
exemplary,1,nrc
exemption,1,nrc
exhilaration,1,nrc
exhort,1,nrc
exhortation,1,nrc
existence,1,nrc
exotic,1,nrc
expect,1,nrc
expectation,1,nrc
expedient,1,nrc
expedition,1,nrc
experienced,1,nrc
expert,1,nrc
expertise,1,nrc
explain,1,nrc
exquisite,1,nrc
exquisitely,1,nrc
extend,1,nrc
extensive,1,nrc
extra,1,nrc
extraordinary,1,nrc
extricate,1,nrc
exuberance,1,nrc
facilitate,1,nrc
facts,1,nrc
faculty,1,nrc
fain,1,nrc
fair,1,nrc
fairly,1,nrc
faith,1,nrc
faithful,1,nrc
fame,1,nrc
familiar,1,nrc
familiarity,1,nrc
famous,1,nrc
famously,1,nrc
fancy,1,nrc
fanfare,1,nrc
fascinating,1,nrc
fascination,1,nrc
fashionable,1,nrc
faultless,1,nrc
favorable,1,nrc
favorite,1,nrc
favoritism,1,nrc
fearless,1,nrc
feat,1,nrc
feature,1,nrc
feeling,1,nrc
felicity,1,nrc
fellow,1,nrc
fellowship,1,nrc
female,1,nrc
fertile,1,nrc
fervor,1,nrc
festival,1,nrc
festive,1,nrc
fete,1,nrc
fidelity,1,nrc
fiesta,1,nrc
finally,1,nrc
finery,1,nrc
finesse,1,nrc
fireball,1,nrc
fireproof,1,nrc
firmness,1,nrc
firstborn,1,nrc
fitting,1,nrc
fixture,1,nrc
flattering,1,nrc
fleet,1,nrc
flexibility,1,nrc
flirt,1,nrc
floral,1,nrc
flow,1,nrc
flowery,1,nrc
flush,1,nrc
flying,1,nrc
focus,1,nrc
fondness,1,nrc
food,1,nrc
football,1,nrc
forbearance,1,nrc
fore,1,nrc
forefathers,1,nrc
foregoing,1,nrc
foreman,1,nrc
forerunner,1,nrc
foresee,1,nrc
foreseen,1,nrc
foresight,1,nrc
forge,1,nrc
forgive,1,nrc
forgiven,1,nrc
forgiving,1,nrc
formative,1,nrc
formula,1,nrc
forte,1,nrc
forthcoming,1,nrc
fortify,1,nrc
fortitude,1,nrc
fortress,1,nrc
fortunate,1,nrc
fortune,1,nrc
forward,1,nrc
found,1,nrc
foundation,1,nrc
fragrant,1,nrc
frank,1,nrc
frankness,1,nrc
fraternal,1,nrc
freedom,1,nrc
freely,1,nrc
friend,1,nrc
friendliness,1,nrc
friendly,1,nrc
friendship,1,nrc
frisky,1,nrc
frolic,1,nrc
frugal,1,nrc
fruitful,1,nrc
fulfill,1,nrc
fulfillment,1,nrc
full,1,nrc
fully,1,nrc
fun,1,nrc
fundamental,1,nrc
fuse,1,nrc
fusion,1,nrc
gain,1,nrc
gaining,1,nrc
gallant,1,nrc
gallantry,1,nrc
galore,1,nrc
garden,1,nrc
garnet,1,nrc
garrison,1,nrc
gazette,1,nrc
gear,1,nrc
gem,1,nrc
general,1,nrc
generosity,1,nrc
generous,1,nrc
genial,1,nrc
genius,1,nrc
genteel,1,nrc
gentleman,1,nrc
gentleness,1,nrc
gentry,1,nrc
genuine,1,nrc
geranium,1,nrc
gift,1,nrc
gifted,1,nrc
gigantic,1,nrc
giggle,1,nrc
girder,1,nrc
giving,1,nrc
glad,1,nrc
gladness,1,nrc
glee,1,nrc
glide,1,nrc
glimmer,1,nrc
glittering,1,nrc
glorification,1,nrc
glorify,1,nrc
glory,1,nrc
gloss,1,nrc
glow,1,nrc
glowing,1,nrc
god,1,nrc
godly,1,nrc
godsend,1,nrc
gold,1,nrc
good,1,nrc
goodly,1,nrc
goodness,1,nrc
goods,1,nrc
goodwill,1,nrc
gorgeous,1,nrc
gospel,1,nrc
govern,1,nrc
grace,1,nrc
graceful,1,nrc
gracious,1,nrc
graciously,1,nrc
graduation,1,nrc
grandchildren,1,nrc
grandeur,1,nrc
grandmother,1,nrc
grant,1,nrc
granted,1,nrc
grateful,1,nrc
gratify,1,nrc
gratitude,1,nrc
greater,1,nrc
greatness,1,nrc
green,1,nrc
greeting,1,nrc
gregarious,1,nrc
grin,1,nrc
grist,1,nrc
grit,1,nrc
groundwork,1,nrc
grow,1,nrc
growth,1,nrc
guarantee,1,nrc
guard,1,nrc
guardian,1,nrc
guardianship,1,nrc
gubernatorial,1,nrc
guidance,1,nrc
guide,1,nrc
guidebook,1,nrc
guru,1,nrc
guts,1,nrc
gymnast,1,nrc
habitat,1,nrc
hail,1,nrc
hale,1,nrc
handy,1,nrc
happily,1,nrc
happiness,1,nrc
happy,1,nrc
hardy,1,nrc
harmoniously,1,nrc
harmony,1,nrc
harvest,1,nrc
haven,1,nrc
headway,1,nrc
heal,1,nrc
healing,1,nrc
healthful,1,nrc
healthy,1,nrc
heartfelt,1,nrc
hearth,1,nrc
heartily,1,nrc
heavenly,1,nrc
heavens,1,nrc
hedonism,1,nrc
heft,1,nrc
helmet,1,nrc
helper,1,nrc
helpful,1,nrc
herbal,1,nrc
hero,1,nrc
heroic,1,nrc
heroics,1,nrc
heroine,1,nrc
heroism,1,nrc
heyday,1,nrc
highest,1,nrc
hilarious,1,nrc
hilarity,1,nrc
hire,1,nrc
hobby,1,nrc
holiday,1,nrc
holiness,1,nrc
holy,1,nrc
homage,1,nrc
homology,1,nrc
honest,1,nrc
honesty,1,nrc
honey,1,nrc
honeymoon,1,nrc
honor,1,nrc
honorable,1,nrc
hope,1,nrc
hopeful,1,nrc
horizon,1,nrc
hospitality,1,nrc
household,1,nrc
housekeeping,1,nrc
hug,1,nrc
humane,1,nrc
humanitarian,1,nrc
humanity,1,nrc
humble,1,nrc
humbled,1,nrc
humbly,1,nrc
humility,1,nrc
humorist,1,nrc
humorous,1,nrc
hurrah,1,nrc
husbandry,1,nrc
hush,1,nrc
hut,1,nrc
hygienic,1,nrc
hymn,1,nrc
idealism,1,nrc
idol,1,nrc
illuminate,1,nrc
illumination,1,nrc
illustrate,1,nrc
illustrious,1,nrc
imaginative,1,nrc
immaculate,1,nrc
immediately,1,nrc
immense,1,nrc
immerse,1,nrc
immortal,1,nrc
immovable,1,nrc
impart,1,nrc
impartial,1,nrc
impartiality,1,nrc
impeccable,1,nrc
impervious,1,nrc
importance,1,nrc
important,1,nrc
impress,1,nrc
impression,1,nrc
improve,1,nrc
improved,1,nrc
improvement,1,nrc
improving,1,nrc
improvise,1,nrc
inalienable,1,nrc
inauguration,1,nrc
incisive,1,nrc
include,1,nrc
included,1,nrc
including,1,nrc
inclusive,1,nrc
income,1,nrc
increase,1,nrc
indelible,1,nrc
indemnity,1,nrc
independence,1,nrc
indestructible,1,nrc
individuality,1,nrc
indomitable,1,nrc
ineffable,1,nrc
inexpensive,1,nrc
infallible,1,nrc
infant,1,nrc
infiltration,1,nrc
infinite,1,nrc
infinity,1,nrc
influence,1,nrc
influential,1,nrc
information,1,nrc
ingenious,1,nrc
inheritance,1,nrc
inimitable,1,nrc
innocence,1,nrc
innocent,1,nrc
innocently,1,nrc
innocuous,1,nrc
innovate,1,nrc
innovation,1,nrc
inquirer,1,nrc
inquiry,1,nrc
inquisitive,1,nrc
inseparable,1,nrc
insignia,1,nrc
inspector,1,nrc
inspiration,1,nrc
inspire,1,nrc
inspired,1,nrc
instinctive,1,nrc
instruct,1,nrc
instruction,1,nrc
instructor,1,nrc
instrumental,1,nrc
insure,1,nrc
intact,1,nrc
integrity,1,nrc
intellect,1,nrc
intellectual,1,nrc
intelligence,1,nrc
intelligent,1,nrc
intended,1,nrc
intense,1,nrc
intercourse,1,nrc
interest,1,nrc
interested,1,nrc
interesting,1,nrc
interior,1,nrc
interlocutory,1,nrc
interlude,1,nrc
interminable,1,nrc
intervention,1,nrc
intimate,1,nrc
intonation,1,nrc
intrepid,1,nrc
intuition,1,nrc
intuitive,1,nrc
invariably,1,nrc
inventive,1,nrc
inventor,1,nrc
investigate,1,nrc
invigorate,1,nrc
invitation,1,nrc
invite,1,nrc
inviting,1,nrc
iron,1,nrc
irreducible,1,nrc
irrefutable,1,nrc
jackpot,1,nrc
jam,1,nrc
jest,1,nrc
job,1,nrc
join,1,nrc
joined,1,nrc
joker,1,nrc
joking,1,nrc
journalist,1,nrc
journey,1,nrc
jovial,1,nrc
joy,1,nrc
joyful,1,nrc
joyous,1,nrc
jubilant,1,nrc
jubilee,1,nrc
judicial,1,nrc
judicious,1,nrc
jump,1,nrc
justice,1,nrc
justifiable,1,nrc
justification,1,nrc
keepsake,1,nrc
ken,1,nrc
keynote,1,nrc
keystone,1,nrc
kind,1,nrc
kindness,1,nrc
kindred,1,nrc
king,1,nrc
kiss,1,nrc
kitten,1,nrc
knack,1,nrc
knight,1,nrc
knowing,1,nrc
knowledge,1,nrc
kudos,1,nrc
labor,1,nrc
lace,1,nrc
lamb,1,nrc
land,1,nrc
landed,1,nrc
laser,1,nrc
laudable,1,nrc
laugh,1,nrc
laughing,1,nrc
laughter,1,nrc
launch,1,nrc
laureate,1,nrc
laurel,1,nrc
laurels,1,nrc
lavish,1,nrc
lawful,1,nrc
lead,1,nrc
leader,1,nrc
league,1,nrc
learn,1,nrc
learning,1,nrc
lecturer,1,nrc
leeway,1,nrc
legal,1,nrc
legalized,1,nrc
legendary,1,nrc
legibility,1,nrc
legible,1,nrc
leisure,1,nrc
leisurely,1,nrc
lemma,1,nrc
lenient,1,nrc
lesson,1,nrc
lettered,1,nrc
level,1,nrc
leverage,1,nrc
liberal,1,nrc
liberate,1,nrc
liberation,1,nrc
liberty,1,nrc
library,1,nrc
lifeblood,1,nrc
lighthouse,1,nrc
liking,1,nrc
linguist,1,nrc
lion,1,nrc
lithe,1,nrc
logical,1,nrc
longevity,1,nrc
lord,1,nrc
lordship,1,nrc
lovable,1,nrc
love,1,nrc
lovely,1,nrc
lovemaking,1,nrc
lover,1,nrc
loving,1,nrc
loyal,1,nrc
loyalty,1,nrc
luck,1,nrc
lucky,1,nrc
luscious,1,nrc
luster,1,nrc
lustrous,1,nrc
luxuriant,1,nrc
luxurious,1,nrc
luxury,1,nrc
lyre,1,nrc
lyrical,1,nrc
magical,1,nrc
magnet,1,nrc
magnetism,1,nrc
magnetite,1,nrc
magnificence,1,nrc
magnificent,1,nrc
maiden,1,nrc
main,1,nrc
mainstay,1,nrc
majestic,1,nrc
majesty,1,nrc
major,1,nrc
majority,1,nrc
manage,1,nrc
management,1,nrc
mandarin,1,nrc
manhood,1,nrc
manifested,1,nrc
manly,1,nrc
manna,1,nrc
mannered,1,nrc
manners,1,nrc
manufacturer,1,nrc
march,1,nrc
marked,1,nrc
marketable,1,nrc
marquis,1,nrc
marriage,1,nrc
marrow,1,nrc
marry,1,nrc
marshal,1,nrc
marvel,1,nrc
marvelous,1,nrc
marvelously,1,nrc
masculine,1,nrc
massage,1,nrc
master,1,nrc
masterpiece,1,nrc
mastery,1,nrc
mate,1,nrc
maternal,1,nrc
matrimony,1,nrc
matron,1,nrc
maximum,1,nrc
mayor,1,nrc
meadow,1,nrc
measured,1,nrc
medal,1,nrc
mediate,1,nrc
mediation,1,nrc
mediator,1,nrc
medical,1,nrc
meditate,1,nrc
mediterranean,1,nrc
medley,1,nrc
memento,1,nrc
memorable,1,nrc
mending,1,nrc
menses,1,nrc
mentor,1,nrc
merciful,1,nrc
mercy,1,nrc
merge,1,nrc
merit,1,nrc
meritorious,1,nrc
merriment,1,nrc
merry,1,nrc
metropolitan,1,nrc
mettle,1,nrc
microscopy,1,nrc
midwife,1,nrc
midwifery,1,nrc
mighty,1,nrc
mime,1,nrc
mindful,1,nrc
mindfulness,1,nrc
ministry,1,nrc
miracle,1,nrc
miraculous,1,nrc
mirth,1,nrc
missionary,1,nrc
model,1,nrc
moderate,1,nrc
moderator,1,nrc
modest,1,nrc
modesty,1,nrc
momentum,1,nrc
monetary,1,nrc
money,1,nrc
monk,1,nrc
monument,1,nrc
moral,1,nrc
morality,1,nrc
morals,1,nrc
mortar,1,nrc
mother,1,nrc
motherhood,1,nrc
motive,1,nrc
movable,1,nrc
mover,1,nrc
mug,1,nrc
muscular,1,nrc
music,1,nrc
musical,1,nrc
mutable,1,nrc
mutual,1,nrc
nap,1,nrc
naturalist,1,nrc
navigable,1,nrc
neatly,1,nrc
nectar,1,nrc
needle,1,nrc
negotiate,1,nrc
negotiator,1,nrc
neighbor,1,nrc
nerve,1,nrc
nestle,1,nrc
nobility,1,nrc
noble,1,nrc
nobleman,1,nrc
nomination,1,nrc
normality,1,nrc
notable,1,nrc
notables,1,nrc
noted,1,nrc
notion,1,nrc
notoriety,1,nrc
nourishment,1,nrc
numbers,1,nrc
nurse,1,nrc
nursery,1,nrc
nurture,1,nrc
nutritious,1,nrc
oak,1,nrc
oasis,1,nrc
oath,1,nrc
obedience,1,nrc
objective,1,nrc
obliging,1,nrc
observant,1,nrc
obtainable,1,nrc
obvious,1,nrc
occupant,1,nrc
occupation,1,nrc
occupy,1,nrc
offer,1,nrc
officer,1,nrc
offset,1,nrc
offshoot,1,nrc
omnipotence,1,nrc
omniscient,1,nrc
openness,1,nrc
opera,1,nrc
opportune,1,nrc
opportunity,1,nrc
optimism,1,nrc
optimist,1,nrc
option,1,nrc
optional,1,nrc
oracle,1,nrc
oration,1,nrc
orchestra,1,nrc
ordained,1,nrc
orderly,1,nrc
ordination,1,nrc
organic,1,nrc
organization,1,nrc
organize,1,nrc
organized,1,nrc
orgasm,1,nrc
originality,1,nrc
ornamented,1,nrc
ornate,1,nrc
outburst,1,nrc
outcome,1,nrc
outdo,1,nrc
outstanding,1,nrc
outward,1,nrc
overjoyed,1,nrc
overwhelming,1,nrc
ownership,1,nrc
pacific,1,nrc
pad,1,nrc
padding,1,nrc
paddle,1,nrc
palatable,1,nrc
palliative,1,nrc
panacea,1,nrc
panache,1,nrc
panier,1,nrc
paprika,1,nrc
parade,1,nrc
paragon,1,nrc
paramount,1,nrc
paraphrase,1,nrc
pardon,1,nrc
parentage,1,nrc
parietal,1,nrc
partake,1,nrc
participation,1,nrc
partner,1,nrc
partnership,1,nrc
passion,1,nrc
passionate,1,nrc
pastime,1,nrc
pastor,1,nrc
pastry,1,nrc
pasture,1,nrc
patent,1,nrc
patience,1,nrc
patient,1,nrc
patriarchal,1,nrc
patron,1,nrc
patronage,1,nrc
pay,1,nrc
peace,1,nrc
peaceable,1,nrc
peaceful,1,nrc
peacock,1,nrc
peck,1,nrc
peculiarity,1,nrc
pedigree,1,nrc
peerless,1,nrc
penchant,1,nrc
perceive,1,nrc
perceptible,1,nrc
perennial,1,nrc
perfect,1,nrc
perfection,1,nrc
performer,1,nrc
perk,1,nrc
permission,1,nrc
perpetuity,1,nrc
persistence,1,nrc
persistent,1,nrc
personable,1,nrc
pertinent,1,nrc
petroleum,1,nrc
pharmaceutical,1,nrc
philanthropist,1,nrc
philanthropy,1,nrc
philosopher,1,nrc
phoenix,1,nrc
phonetic,1,nrc
physician,1,nrc
physics,1,nrc
physiology,1,nrc
physique,1,nrc
pick,1,nrc
picnic,1,nrc
picturesque,1,nrc
piety,1,nrc
pill,1,nrc
pillow,1,nrc
pilot,1,nrc
pinnacle,1,nrc
pioneer,1,nrc
pious,1,nrc
pith,1,nrc
pivot,1,nrc
placid,1,nrc
planning,1,nrc
playful,1,nrc
playground,1,nrc
playhouse,1,nrc
pleasant,1,nrc
pleased,1,nrc
pleasurable,1,nrc
pledge,1,nrc
plenary,1,nrc
plentiful,1,nrc
plexus,1,nrc
plum,1,nrc
plumb,1,nrc
plush,1,nrc
ply,1,nrc
pointedly,1,nrc
police,1,nrc
policeman,1,nrc
polish,1,nrc
polished,1,nrc
polite,1,nrc
politeness,1,nrc
politic,1,nrc
pool,1,nrc
pope,1,nrc
popularity,1,nrc
popularized,1,nrc
population,1,nrc
portable,1,nrc
possess,1,nrc
potable,1,nrc
potency,1,nrc
powerful,1,nrc
powerfully,1,nrc
practice,1,nrc
practiced,1,nrc
practise,1,nrc
praise,1,nrc
praised,1,nrc
praiseworthy,1,nrc
pray,1,nrc
precaution,1,nrc
precede,1,nrc
precedence,1,nrc
precious,1,nrc
precise,1,nrc
precision,1,nrc
predilection,1,nrc
predominant,1,nrc
preeminent,1,nrc
prefer,1,nrc
premier,1,nrc
premises,1,nrc
prepare,1,nrc
prepared,1,nrc
prescient,1,nrc
presence,1,nrc
present,1,nrc
presentable,1,nrc
presentment,1,nrc
preservative,1,nrc
preserve,1,nrc
president,1,nrc
prestige,1,nrc
presto,1,nrc
pretty,1,nrc
prevail,1,nrc
prevention,1,nrc
priceless,1,nrc
pride,1,nrc
priest,1,nrc
priesthood,1,nrc
priestly,1,nrc
primacy,1,nrc
primary,1,nrc
prime,1,nrc
primer,1,nrc
prince,1,nrc
princely,1,nrc
princess,1,nrc
principal,1,nrc
pristine,1,nrc
privileged,1,nrc
probity,1,nrc
procedure,1,nrc
procession,1,nrc
proctor,1,nrc
procure,1,nrc
prodigal,1,nrc
prodigious,1,nrc
prodigy,1,nrc
producer,1,nrc
producing,1,nrc
production,1,nrc
productive,1,nrc
productivity,1,nrc
profession,1,nrc
professional,1,nrc
professor,1,nrc
proficiency,1,nrc
proficient,1,nrc
profuse,1,nrc
progress,1,nrc
progression,1,nrc
progressive,1,nrc
prolific,1,nrc
prominence,1,nrc
prominently,1,nrc
promise,1,nrc
promising,1,nrc
promotion,1,nrc
prop,1,nrc
proper,1,nrc
prophet,1,nrc
prophylactic,1,nrc
proposition,1,nrc
prospect,1,nrc
prosper,1,nrc
prosperity,1,nrc
prosperous,1,nrc
protect,1,nrc
protecting,1,nrc
protective,1,nrc
protector,1,nrc
proud,1,nrc
prove,1,nrc
proverbial,1,nrc
provide,1,nrc
providing,1,nrc
prudence,1,nrc
prudent,1,nrc
psalm,1,nrc
public,1,nrc
pull,1,nrc
pulpit,1,nrc
punctual,1,nrc
punctuality,1,nrc
puppy,1,nrc
purely,1,nrc
purification,1,nrc
purify,1,nrc
purist,1,nrc
purity,1,nrc
purr,1,nrc
quaint,1,nrc
qualified,1,nrc
qualifying,1,nrc
quest,1,nrc
question,1,nrc
quickness,1,nrc
quiescent,1,nrc
quiet,1,nrc
quinine,1,nrc
quote,1,nrc
radiance,1,nrc
radiant,1,nrc
radiate,1,nrc
radio,1,nrc
rapt,1,nrc
rapture,1,nrc
rational,1,nrc
rave,1,nrc
reader,1,nrc
readily,1,nrc
readiness,1,nrc
reading,1,nrc
reaffirm,1,nrc
real,1,nrc
reason,1,nrc
reassurance,1,nrc
reassure,1,nrc
rebate,1,nrc
recast,1,nrc
received,1,nrc
receiving,1,nrc
recherche,1,nrc
reciprocate,1,nrc
reclamation,1,nrc
recline,1,nrc
recognizable,1,nrc
recommend,1,nrc
reconciliation,1,nrc
reconsideration,1,nrc
reconstruct,1,nrc
reconstruction,1,nrc
recorder,1,nrc
recoup,1,nrc
recovery,1,nrc
recreation,1,nrc
recreational,1,nrc
rectify,1,nrc
redemption,1,nrc
redress,1,nrc
refine,1,nrc
refinement,1,nrc
reform,1,nrc
reformation,1,nrc
reformer,1,nrc
refreshing,1,nrc
refurbish,1,nrc
regal,1,nrc
regent,1,nrc
regressive,1,nrc
regularity,1,nrc
regulate,1,nrc
rehabilitate,1,nrc
rehabilitation,1,nrc
reimburse,1,nrc
reimbursement,1,nrc
reinforcement,1,nrc
reinstate,1,nrc
rejoice,1,nrc
rejoicing,1,nrc
rejuvenate,1,nrc
rejuvenated,1,nrc
rekindle,1,nrc
relaxation,1,nrc
relevant,1,nrc
reliability,1,nrc
reliable,1,nrc
reliance,1,nrc
relief,1,nrc
relieving,1,nrc
remains,1,nrc
remake,1,nrc
remarkable,1,nrc
remarkably,1,nrc
remedy,1,nrc
remission,1,nrc
remodel,1,nrc
renaissance,1,nrc
render,1,nrc
renewal,1,nrc
renovate,1,nrc
renovation,1,nrc
renown,1,nrc
renowned,1,nrc
reorganize,1,nrc
reparation,1,nrc
repay,1,nrc
repent,1,nrc
replenish,1,nrc
replete,1,nrc
reporter,1,nrc
repose,1,nrc
represented,1,nrc
reproductive,1,nrc
reputable,1,nrc
rescue,1,nrc
reserve,1,nrc
resident,1,nrc
resilient,1,nrc
resistive,1,nrc
resolutely,1,nrc
resources,1,nrc
respect,1,nrc
respectability,1,nrc
respectable,1,nrc
respectful,1,nrc
respecting,1,nrc
respects,1,nrc
respite,1,nrc
resplendent,1,nrc
responsible,1,nrc
responsive,1,nrc
rest,1,nrc
restful,1,nrc
restitution,1,nrc
restorative,1,nrc
restoring,1,nrc
restraint,1,nrc
resumption,1,nrc
retention,1,nrc
retirement,1,nrc
reunion,1,nrc
revel,1,nrc
revels,1,nrc
revere,1,nrc
reverence,1,nrc
reverend,1,nrc
reverie,1,nrc
revise,1,nrc
revival,1,nrc
revive,1,nrc
revolution,1,nrc
revolutionary,1,nrc
reward,1,nrc
rhythm,1,nrc
rhythmical,1,nrc
ribbon,1,nrc
richness,1,nrc
rider,1,nrc
righteous,1,nrc
rightful,1,nrc
rightly,1,nrc
ripe,1,nrc
ripen,1,nrc
rising,1,nrc
riveting,1,nrc
roadster,1,nrc
robust,1,nrc
rock,1,nrc
rod,1,nrc
rollicking,1,nrc
romance,1,nrc
romantic,1,nrc
romanticism,1,nrc
romp,1,nrc
rooted,1,nrc
rosy,1,nrc
rota,1,nrc
routine,1,nrc
royalty,1,nrc
rubric,1,nrc
ruth,1,nrc
safe,1,nrc
safeguard,1,nrc
sage,1,nrc
saint,1,nrc
saintly,1,nrc
salary,1,nrc
salient,1,nrc
salutary,1,nrc
salute,1,nrc
salvation,1,nrc
salve,1,nrc
samurai,1,nrc
sanctification,1,nrc
sanctify,1,nrc
sanctuary,1,nrc
sanguine,1,nrc
sanitary,1,nrc
satin,1,nrc
satisfactorily,1,nrc
satisfied,1,nrc
save,1,nrc
savings,1,nrc
savor,1,nrc
savory,1,nrc
savvy,1,nrc
scarecrow,1,nrc
scholar,1,nrc
scholarship,1,nrc
scientific,1,nrc
scientist,1,nrc
scintilla,1,nrc
score,1,nrc
scribe,1,nrc
script,1,nrc
scrumptious,1,nrc
sculpture,1,nrc
sea,1,nrc
seal,1,nrc
seasoned,1,nrc
seclusion,1,nrc
secretariat,1,nrc
seniority,1,nrc
sensational,1,nrc
sense,1,nrc
sensibility,1,nrc
sensibly,1,nrc
sensual,1,nrc
sensuality,1,nrc
sensuous,1,nrc
sentimental,1,nrc
sentimentality,1,nrc
sentinel,1,nrc
serenity,1,nrc
sermon,1,nrc
serum,1,nrc
settlor,1,nrc
sex,1,nrc
shape,1,nrc
shapely,1,nrc
share,1,nrc
shelter,1,nrc
shepherd,1,nrc
shine,1,nrc
shining,1,nrc
shopping,1,nrc
shoulder,1,nrc
shrewd,1,nrc
silk,1,nrc
simplify,1,nrc
sincere,1,nrc
sincerity,1,nrc
sing,1,nrc
singly,1,nrc
sir,1,nrc
sisterhood,1,nrc
skilled,1,nrc
skillful,1,nrc
sky,1,nrc
slate,1,nrc
sleek,1,nrc
slender,1,nrc
slim,1,nrc
smile,1,nrc
smiling,1,nrc
smitten,1,nrc
smoothness,1,nrc
snicker,1,nrc
sobriety,1,nrc
sociable,1,nrc
solace,1,nrc
soldier,1,nrc
solid,1,nrc
solidity,1,nrc
solution,1,nrc
solvency,1,nrc
sonar,1,nrc
sonata,1,nrc
sonnet,1,nrc
sonorous,1,nrc
soothe,1,nrc
soothing,1,nrc
sorter,1,nrc
soundness,1,nrc
soup,1,nrc
spa,1,nrc
spacious,1,nrc
spaniel,1,nrc
sparkle,1,nrc
special,1,nrc
specie,1,nrc
spectacle,1,nrc
speech,1,nrc
speedy,1,nrc
spelling,1,nrc
spice,1,nrc
spine,1,nrc
spirit,1,nrc
spirits,1,nrc
splendid,1,nrc
splendor,1,nrc
sponsor,1,nrc
spotless,1,nrc
spouse,1,nrc
spruce,1,nrc
stable,1,nrc
staccato,1,nrc
stainless,1,nrc
stallion,1,nrc
stalwart,1,nrc
stamina,1,nrc
standing,1,nrc
star,1,nrc
starlight,1,nrc
starry,1,nrc
stately,1,nrc
statement,1,nrc
statue,1,nrc
status,1,nrc
staunch,1,nrc
steadfast,1,nrc
stellar,1,nrc
sterling,1,nrc
steward,1,nrc
stillness,1,nrc
store,1,nrc
straightforward,1,nrc
strategic,1,nrc
strategist,1,nrc
strength,1,nrc
strengthen,1,nrc
strengthening,1,nrc
striking,1,nrc
strikingly,1,nrc
strongly,1,nrc
structure,1,nrc
stud,1,nrc
study,1,nrc
sturdy,1,nrc
sublimation,1,nrc
substance,1,nrc
substantive,1,nrc
succeed,1,nrc
succeeding,1,nrc
success,1,nrc
successful,1,nrc
succinct,1,nrc
succulent,1,nrc
sufficiency,1,nrc
sugar,1,nrc
suitable,1,nrc
sultry,1,nrc
sun,1,nrc
sunny,1,nrc
sunset,1,nrc
sunshine,1,nrc
superb,1,nrc
superhuman,1,nrc
superior,1,nrc
superiority,1,nrc
superman,1,nrc
superstar,1,nrc
superstition,1,nrc
supplication,1,nrc
supplies,1,nrc
supply,1,nrc
supported,1,nrc
supporter,1,nrc
supporting,1,nrc
supremacy,1,nrc
supreme,1,nrc
supremely,1,nrc
surety,1,nrc
surmise,1,nrc
surpassing,1,nrc
surprise,1,nrc
surround,1,nrc
surveying,1,nrc
survive,1,nrc
swear,1,nrc
sweet,1,nrc
sweetheart,1,nrc
sweetie,1,nrc
sweetness,1,nrc
sweets,1,nrc
swift,1,nrc
swim,1,nrc
symbolic,1,nrc
symmetrical,1,nrc
symmetry,1,nrc
sympathetic,1,nrc
sympathy,1,nrc
symphony,1,nrc
synchronize,1,nrc
synergistic,1,nrc
synod,1,nrc
synonymous,1,nrc
tact,1,nrc
tale,1,nrc
talent,1,nrc
talisman,1,nrc
talk,1,nrc
tanned,1,nrc
tantalizing,1,nrc
task,1,nrc
tasteful,1,nrc
tasty,1,nrc
teach,1,nrc
teacher,1,nrc
technology,1,nrc
teens,1,nrc
temperance,1,nrc
tempered,1,nrc
tenable,1,nrc
tenacious,1,nrc
tenacity,1,nrc
tenancy,1,nrc
tenant,1,nrc
tender,1,nrc
tenderness,1,nrc
thankful,1,nrc
thanksgiving,1,nrc
theoretical,1,nrc
therapeutic,1,nrc
therapeutics,1,nrc
thinker,1,nrc
thoroughbred,1,nrc
thoughtful,1,nrc
thoughtfulness,1,nrc
thrift,1,nrc
thrill,1,nrc
thrilling,1,nrc
thriving,1,nrc
throne,1,nrc
tickle,1,nrc
tiling,1,nrc
timely,1,nrc
tinsel,1,nrc
title,1,nrc
toast,1,nrc
tolerant,1,nrc
toleration,1,nrc
top,1,nrc
toughness,1,nrc
tower,1,nrc
towering,1,nrc
traditional,1,nrc
tranquil,1,nrc
tranquility,1,nrc
transcendence,1,nrc
transcendental,1,nrc
traveling,1,nrc
treasure,1,nrc
treat,1,nrc
tree,1,nrc
tremendously,1,nrc
trend,1,nrc
trendy,1,nrc
tributary,1,nrc
tribute,1,nrc
trig,1,nrc
triumph,1,nrc
triumphant,1,nrc
trophy,1,nrc
truce,1,nrc
true,1,nrc
trusty,1,nrc
truth,1,nrc
truthfulness,1,nrc
tutelage,1,nrc
tutor,1,nrc
twin,1,nrc
twinkle,1,nrc
ultimately,1,nrc
umpire,1,nrc
unanimity,1,nrc
unanimous,1,nrc
unassuming,1,nrc
unbeaten,1,nrc
unbiased,1,nrc
unbreakable,1,nrc
unbridled,1,nrc
unbroken,1,nrc
unconstrained,1,nrc
underline,1,nrc
understanding,1,nrc
underwrite,1,nrc
undivided,1,nrc
undying,1,nrc
unequivocally,1,nrc
unexpected,1,nrc
unfold,1,nrc
unification,1,nrc
uniformly,1,nrc
unimaginable,1,nrc
uninfected,1,nrc
unique,1,nrc
unison,1,nrc
unitary,1,nrc
united,1,nrc
unity,1,nrc
university,1,nrc
unlimited,1,nrc
unpretentious,1,nrc
unquestionable,1,nrc
unquestionably,1,nrc
unquestioned,1,nrc
unscathed,1,nrc
unselfish,1,nrc
unsurpassed,1,nrc
untie,1,nrc
unwavering,1,nrc
uphill,1,nrc
uplift,1,nrc
upright,1,nrc
usefulness,1,nrc
usher,1,nrc
usual,1,nrc
utility,1,nrc
utopian,1,nrc
vacation,1,nrc
vaccine,1,nrc
valiant,1,nrc
valor,1,nrc
valuable,1,nrc
vanguard,1,nrc
vanquish,1,nrc
velvet,1,nrc
velvety,1,nrc
venerable,1,nrc
veneration,1,nrc
veracity,1,nrc
verdant,1,nrc
verification,1,nrc
verified,1,nrc
verily,1,nrc
veritable,1,nrc
vernal,1,nrc
verve,1,nrc
veteran,1,nrc
vicar,1,nrc
victor,1,nrc
victorious,1,nrc
victory,1,nrc
vigilance,1,nrc
vigilant,1,nrc
vigor,1,nrc
vigorous,1,nrc
villager,1,nrc
vindicated,1,nrc
vindication,1,nrc
virgin,1,nrc
virginity,1,nrc
virtue,1,nrc
virtuous,1,nrc
vision,1,nrc
visionary,1,nrc
visit,1,nrc
visitor,1,nrc
vital,1,nrc
vitality,1,nrc
vivacious,1,nrc
vivid,1,nrc
vocabulary,1,nrc
volunteer,1,nrc
voluptuous,1,nrc
vote,1,nrc
vouch,1,nrc
vow,1,nrc
wages,1,nrc
warranty,1,nrc
warrior,1,nrc
watchdog,1,nrc
watchful,1,nrc
watchman,1,nrc
waterproof,1,nrc
wealth,1,nrc
weatherproof,1,nrc
weight,1,nrc
welcomed,1,nrc
white,1,nrc
whiteness,1,nrc
wholesome,1,nrc
wicket,1,nrc
widespread,1,nrc
willingly,1,nrc
willingness,1,nrc
windfall,1,nrc
winner,1,nrc
winning,1,nrc
winnings,1,nrc
wireless,1,nrc
wis,1,nrc
wisdom,1,nrc
wise,1,nrc
wit,1,nrc
withstand,1,nrc
wits,1,nrc
witty,1,nrc
wizard,1,nrc
womb,1,nrc
wonderful,1,nrc
wonderfully,1,nrc
wondrous,1,nrc
word,1,nrc
working,1,nrc
worship,1,nrc
worth,1,nrc
worthy,1,nrc
wot,1,nrc
writer,1,nrc
yearning,1,nrc
young,1,nrc
younger,1,nrc
youth,1,nrc
zeal,1,nrc
zealous,1,nrc
zest,1,nrc
